player_key,career_ppg,career_min_pg,career_start_rate,career_xgi90
11948,0.0,0.0,0.0,
11974,0.0,0.0,0.0,
14937,0.5405405405405406,14.027027027027026,0.13513513513513514,0.0
15157,0.7284768211920529,16.841059602649008,0.1456953642384106,0.14410651571187635
17601,0.0,0.0,0.0,
17745,0.0,0.0,0.0,
17761,3.2781456953642385,86.10596026490066,0.9536423841059603,0.11900436556231689
18507,1.064516129032258,39.83870967741935,0.3548387096774194,0.14160927891264088
18892,2.265486725663717,53.823008849557525,0.584070796460177,0.08050204685075749
19236,0.0,0.0,0.0,
19624,1.5135135135135136,47.91891891891892,0.43243243243243246,0.07125482531456752
20066,0.08602150537634409,2.913978494623656,0.03225806451612903,0.00033
20310,0.0,0.0,0.0,
20467,1.1891891891891893,28.2972972972973,0.32432432432432434,0.27091385062216483
20480,0.0,0.0,0.0,
21205,0.0,0.0,0.0,
28411,2.5294117647058822,90.0,1.0,0.0
32259,0.0,0.0,0.0,
37096,1.2837837837837838,33.729729729729726,0.3581081081081081,4.833333333333333e-05
37642,0.7545454545454545,24.8,0.2636363636363636,0.056406575758985396
37915,1.1866666666666668,29.4,0.32,0.0003136
39155,0.831858407079646,16.884955752212388,0.09734513274336283,0.24796939668152898
40145,0.08108108108108109,0.4864864864864865,0.0,0.01875
40146,0.0,0.0,0.0,
40349,0.12162162162162163,1.2162162162162162,0.013513513513513514,0.0
40383,0.44696969696969696,13.977272727272727,0.15151515151515152,3.333333333333333e-06
40386,0.21621621621621623,8.54054054054054,0.05405405405405406,0.06323529411764706
40669,0.84,24.906666666666666,0.26666666666666666,0.01773814814814815
40836,1.32,32.4,0.36,0.0003333333333333334
41328,0.6,20.28,0.18666666666666668,0.04052023757733637
44683,1.0810810810810811,21.513513513513512,0.16216216216216217,0.5214823147440795
44699,0.13513513513513514,0.9459459459459459,0.0,0.8250000000000001
45034,1.3333333333333333,29.293333333333333,0.29333333333333333,0.28316072988971297
45124,0.5882352941176471,17.941176470588236,0.058823529411764705,0.2073087924661151
45220,0.0,0.0,0.0,
47247,0.08108108108108109,2.4054054054054053,0.0,0.41746710526315794
47431,2.6547619047619047,52.69047619047619,0.5595238095238095,0.4022026026035696
48615,0.0,0.0,0.0,
48760,0.6727272727272727,19.845454545454544,0.21818181818181817,0.14674381495786518
49083,0.0,0.0,0.0,
49262,0.7682119205298014,20.264900662251655,0.2251655629139073,0.0
49413,0.13333333333333333,4.533333333333333,0.02666666666666667,0.09348618742368743
50175,2.781456953642384,51.86092715231788,0.543046357615894,0.4976655548413059
50232,0.21333333333333335,7.64,0.08,0.08520509236752552
50471,0.08108108108108109,0.7567567567567568,0.0,0.0
51090,2.3466666666666667,63.81333333333333,0.7066666666666667,0.05648096586358576
51927,1.6902654867256637,41.7787610619469,0.4690265486725664,0.07849609259259259
51938,0.35135135135135137,6.27027027027027,0.05405405405405406,0.1787210590065195
51940,4.162162162162162,90.0,1.0,0.000177027027027027
51943,0.0,0.0,0.0,
54469,1.7682119205298013,50.71523178807947,0.5562913907284768,0.042818395435086753
54694,0.35714285714285715,7.8,0.05714285714285714,0.28693367759352456
54738,2.324324324324324,90.0,1.0,0.0008108108108108108
54861,0.0,0.0,0.0,
55037,0.6301369863013698,14.726027397260275,0.136986301369863,0.10453333314705276
55459,1.0530973451327434,30.82300884955752,0.3008849557522124,0.1347188103101291
55494,1.176991150442478,38.07079646017699,0.415929203539823,0.054390192142074224
55914,0.8648648648648649,36.08108108108108,0.3783783783783784,0.042416172328086164
56872,0.10810810810810811,1.5675675675675675,0.0,0.0
56917,0.26666666666666666,12.746666666666666,0.14666666666666667,0.0
56979,1.2831858407079646,34.61946902654867,0.336283185840708,0.12520290720421764
56983,0.32,2.066666666666667,0.0,3.035477615967886
57134,0.1891891891891892,2.7837837837837838,0.0,0.0
57145,0.0,0.0,0.0,
57328,0.8609271523178808,26.172185430463575,0.2847682119205298,0.04019207834597817
57531,1.8053097345132743,38.47787610619469,0.4424778761061947,0.3144624350317786
57647,0.0,0.0,0.0,
58376,0.26666666666666666,13.2,0.14666666666666667,0.0
58621,1.8079470198675496,57.549668874172184,0.6158940397350994,0.07526151150610283
58771,0.3783783783783784,13.297297297297296,0.08108108108108109,0.01036857499479925
58822,0.1780821917808219,3.863013698630137,0.0273972602739726,0.03304400077534406
58845,0.0,0.0,0.0,
59735,0.6106194690265486,16.72566371681416,0.18584070796460178,0.002380952380952381
59859,2.044642857142857,40.794642857142854,0.44642857142857145,0.4939408992862248
59949,0.6754966887417219,16.834437086092716,0.17880794701986755,0.086471791835225
60232,1.424778761061947,47.008849557522126,0.5132743362831859,0.07015114025105329
60252,0.8955223880597015,17.65671641791045,0.1791044776119403,0.2577256637957929
60307,2.9393939393939394,59.833333333333336,0.6666666666666666,0.31891087134105867
60586,1.2702702702702702,30.81081081081081,0.21621621621621623,0.5339697720332037
60689,2.801324503311258,42.390728476821195,0.4768211920529801,0.46034284820665117
60706,0.0,0.0,0.0,
60914,0.76,24.933333333333334,0.28,0.10125856881253646
61256,2.418918918918919,55.182432432432435,0.5945945945945946,0.2876296786153752
61366,3.4867256637168142,47.08849557522124,0.5309734513274337,0.5543000926288725
61558,0.41333333333333333,16.76,0.16,0.06622727808394542
61810,0.7837837837837838,19.513513513513512,0.21621621621621623,0.12022499999999998
61933,0.10810810810810811,0.4594594594594595,0.0,0.22153846153846155
66588,1.5945945945945945,52.91891891891892,0.5675675675675675,0.1551939624505929
66749,0.0,0.0,0.0,
66975,0.6216216216216216,13.513513513513514,0.13513513513513514,0.13829583333333334
67089,1.5066666666666666,41.266666666666666,0.46,0.0005714285714285715
69752,1.4,36.3,0.4,0.0005359016393442623
72147,0.3783783783783784,13.378378378378379,0.13513513513513514,0.0
72222,0.32432432432432434,7.1891891891891895,0.0,0.010605267399267398
74854,0.0,0.0,0.0,
74944,1.7567567567567568,71.94594594594595,0.8108108108108109,0.06138713472269325
75115,2.119205298013245,29.105960264900663,0.2582781456953642,1.4249979599099627
76357,1.2649006622516556,25.00662251655629,0.18543046357615894,0.29353689283440276
76359,0.0,0.0,0.0,
77794,2.880794701986755,56.03973509933775,0.6158940397350994,0.18788825801617617
77818,0.0,0.0,0.0,
78056,0.05405405405405406,2.0,0.02702702702702703,0.0
78315,0.16666666666666666,7.5,0.08333333333333333,0.0
78830,3.506666666666667,45.413333333333334,0.5066666666666667,0.354525
78916,2.8675496688741724,74.67549668874172,0.8278145695364238,0.10350170709143577
79602,0.29770992366412213,7.7251908396946565,0.08396946564885496,0.0
79934,1.135135135135135,38.62162162162162,0.40540540540540543,0.10736782642779738
80146,2.5309734513274336,60.23893805309734,0.672566371681416,0.4114721793581028
80179,0.3783783783783784,10.35135135135135,0.08108108108108109,0.05199617685700839
80201,3.3509933774834435,88.80794701986756,0.9867549668874173,0.00033026845637583896
80226,1.4057971014492754,40.20289855072464,0.42028985507246375,0.07067836735087325
80607,1.6814159292035398,37.23893805309734,0.40707964601769914,0.446917582854514
80801,2.1301369863013697,65.88356164383562,0.726027397260274,0.10371972445652818
80954,3.3783783783783785,49.67567567567568,0.5135135135135135,0.17513687909917602
81012,0.16,7.026666666666666,0.05333333333333334,0.0
81205,0.05263157894736842,0.3157894736842105,0.0,0.0031500000000000005
81441,0.0,0.0,0.0,
81880,0.5405405405405406,8.972972972972974,0.10810810810810811,0.26748862542683466
82143,0.6194690265486725,23.43362831858407,0.25663716814159293,0.0016666666666666668
82263,0.0,0.0,0.0,
82403,2.5675675675675675,61.86486486486486,0.6756756756756757,0.1450589671184739
82514,1.2212389380530972,38.94690265486726,0.4336283185840708,0.02942736694677871
82691,0.5675675675675675,26.16216216216216,0.2702702702702703,0.054065934065934074
82738,0.8378378378378378,8.35135135135135,0.05405405405405406,1.0015742748712388
83283,0.16,1.7733333333333334,0.0,0.15536578805809573
83299,2.2781456953642385,72.43046357615894,0.7947019867549668,0.09129901944783095
83314,0.0,0.0,0.0,
83427,0.8918918918918919,75.48648648648648,0.8108108108108109,0.07441298006806028
83543,0.0,0.0,0.0,
84182,1.609271523178808,46.794701986754966,0.5033112582781457,0.0
84450,2.4424778761061945,51.35398230088496,0.5663716814159292,0.1497819893735653
84583,0.4533333333333333,10.68,0.08,0.21449375824994676
84939,1.4601769911504425,19.805309734513273,0.1592920353982301,0.6090837241160608
85633,3.142857142857143,81.72527472527473,0.9010989010989011,0.004880952380952381
85955,1.2543859649122806,32.81578947368421,0.34210526315789475,0.08989705327418167
85971,3.271523178807947,52.49006622516556,0.5761589403973509,0.4911064074210304
86129,2.0,48.5945945945946,0.5135135135135135,0.02779717391304348
86417,1.4778761061946903,35.07079646017699,0.3893805309734513,0.26173040009687903
86873,0.0,0.0,0.0,
86881,0.7837837837837838,19.64864864864865,0.16216216216216217,0.037086026585304535
86934,0.43243243243243246,6.45945945945946,0.02702702702702703,1.0066666666666668
87835,1.0927152317880795,31.05960264900662,0.304635761589404,0.1783234092077184
87873,0.0,0.0,0.0,
88248,0.6026490066225165,15.039735099337749,0.15894039735099338,0.00035714285714285714
88484,1.872340425531915,35.11702127659574,0.3191489361702128,0.9098094158620503
88894,1.2980132450331126,26.105960264900663,0.25165562913907286,0.32441936693883805
88900,0.88,34.76,0.36,0.03784819534984789
89068,0.0625,4.25,0.03125,0.01164
89076,0.7397260273972602,29.54794520547945,0.3287671232876712,0.0233062146361884
89085,0.02702702702702703,0.2972972972972973,0.0,0.036000000000000004
90105,0.1592920353982301,5.407079646017699,0.04424778761061947,0.04944485842026825
90152,1.6,43.48,0.44,0.05188098150414797
90585,0.6688741721854304,15.013245033112582,0.16556291390728478,0.08223418947866512
91046,0.8648648648648649,10.594594594594595,0.02702702702702703,1.1232958499622214
91047,1.5135135135135136,36.891891891891895,0.32432432432432434,0.10628369062790864
91651,1.5165562913907285,36.59602649006622,0.3841059602649007,0.1943972577253059
91889,0.72,15.866666666666667,0.12,0.39696689683948605
92217,2.675675675675676,30.972972972972972,0.2972972972972973,0.3483906687962079
92259,1.0810810810810811,20.486486486486488,0.21621621621621623,0.039705882352941174
92371,0.0,0.0,0.0,
93100,0.14666666666666667,18.533333333333335,0.17333333333333334,0.011159413906506929
93264,1.3066666666666666,40.2,0.4266666666666667,0.035382007722007724
94147,1.5466666666666666,49.54666666666667,0.5466666666666666,0.031872984126984125
94926,0.0,0.0,0.0,
95463,1.24,33.0,0.36,8.428571428571429e-05
95658,1.6158940397350994,37.89403973509934,0.39072847682119205,0.4225455317338165
95715,0.2972972972972973,3.891891891891892,0.0,0.19017857142857145
96784,1.162162162162162,33.189189189189186,0.32432432432432434,0.118915626008743
96787,1.6216216216216217,56.729729729729726,0.5945945945945946,0.05643283108440485
96994,2.0353982300884956,40.85840707964602,0.4336283185840708,0.2500961055443385
97032,3.7086092715231787,83.9205298013245,0.9271523178807947,0.10204225352112677
97299,1.2450331125827814,25.218543046357617,0.25165562913907286,0.09943828729919091
97846,0.0,0.0,0.0,
98747,2.7152317880794703,62.59602649006622,0.695364238410596,0.001732358490566038
98980,3.185430463576159,80.6887417218543,0.8741721854304636,0.002247769784172662
101105,0.0,0.0,0.0,
101148,0.33112582781456956,8.675496688741722,0.08609271523178808,0.05572847628247496
101178,2.52,59.20666666666666,0.64,0.5226044606787311
101184,0.25333333333333335,5.693333333333333,0.02666666666666667,0.08732740901571548
101188,2.1258278145695364,53.556291390728475,0.5496688741721855,0.20713346647008157
101338,1.4705882352941178,36.588235294117645,0.4117647058823529,0.36454322090584185
101582,0.8266666666666667,16.373333333333335,0.10666666666666667,0.18769571542224953
101668,2.8,62.21333333333333,0.64,0.327504850309331
101982,0.9072847682119205,28.582781456953644,0.31788079470198677,0.0004166666666666667
102057,2.377483443708609,45.562913907284766,0.4900662251655629,0.5361549194274239
102549,0.0,0.0,0.0,
102836,0.0,0.0,0.0,
102884,0.0,0.0,0.0,
103025,1.68,25.506666666666668,0.26666666666666666,0.353952775144205
103192,1.4513274336283186,42.70796460176991,0.46017699115044247,0.04243399014778325
103914,0.6933333333333334,34.56,0.36,0.06353257265133341
103955,2.1946902654867255,37.92920353982301,0.39823008849557523,0.4849755509693416
104047,0.918918918918919,28.783783783783782,0.21621621621621623,0.23171211361726543
104542,0.014492753623188406,1.3043478260869565,0.014492753623188406,0.0
104547,0.0,0.0,0.0,
105666,0.0,0.0,0.0,
105717,0.013333333333333334,1.6666666666666667,0.0,0.0782214156079855
106468,1.1654135338345866,24.81954887218045,0.2631578947368421,0.14703628448303394
106606,0.32432432432432434,5.216216216216216,0.05405405405405406,0.0034615384615384616
106611,1.5364238410596027,32.87417218543046,0.3576158940397351,0.10466017402620079
106617,0.9333333333333333,20.133333333333333,0.2,0.27328871540941074
106618,0.05333333333333334,0.22666666666666666,0.0,0.04090909090909091
106760,1.7682119205298013,46.33774834437086,0.4966887417218543,0.09921332365852517
106837,0.918918918918919,17.16216216216216,0.08108108108108109,0.22151815414224843
107265,0.02702702702702703,1.2162162162162162,0.0,0.0
108053,0.2972972972972973,9.027027027027026,0.08108108108108109,0.0575
108411,0.0,0.0,0.0,
108413,1.403973509933775,41.57615894039735,0.39072847682119205,0.12215752163938251
108416,0.02702702702702703,13.027027027027026,0.13513513513513514,0.03919041157847128
108796,0.6216216216216216,31.594594594594593,0.32432432432432434,0.11279220779220779
108813,0.3783783783783784,14.594594594594595,0.16216216216216217,0.0
108823,0.02666666666666667,0.5066666666666667,0.0,0.0
109322,0.8918918918918919,24.81081081081081,0.24324324324324326,0.02179837669683258
109345,1.2980132450331126,22.794701986754966,0.25165562913907286,0.31967941016177465
109434,0.0,0.0,0.0,
109528,0.05333333333333334,0.4533333333333333,0.0,0.01125
109533,1.304635761589404,43.4635761589404,0.46357615894039733,0.1297033480905695
109646,1.4569536423841059,39.01324503311258,0.4105960264900662,0.04828357364535329
109745,1.4834437086092715,35.4635761589404,0.39072847682119205,0.0015375000000000002
110504,0.4727272727272727,7.909090909090909,0.07272727272727272,0.13639989799416932
110735,0.9271523178807947,26.556291390728475,0.2847682119205298,0.13908468940759888
111234,3.76158940397351,89.40397350993378,0.9933774834437086,0.006086133333333333
111317,0.9205298013245033,17.019867549668874,0.1390728476821192,1.1880664455432428
111452,0.11009174311926606,4.128440366972477,0.045871559633027525,0.002
111478,1.6490066225165563,43.06622516556291,0.44370860927152317,0.0670923022696674
111773,0.33774834437086093,8.536423841059603,0.07947019867549669,0.1281099274240191
111782,0.30973451327433627,7.654867256637168,0.061946902654867256,0.00026083333333333335
111931,0.4,10.866666666666667,0.09333333333333334,0.10615876951539861
112520,1.6923076923076923,90.0,1.0,0.0
113534,0.0,0.0,0.0,
113564,0.05405405405405406,0.21621621621621623,0.0,0.0
114128,0.6133333333333333,16.813333333333333,0.18666666666666668,0.04289074281025029
114241,0.7610619469026548,22.300884955752213,0.22123893805309736,0.09194500252163296
114243,2.6490066225165565,41.9271523178808,0.45695364238410596,0.47053941092683804
114283,1.9072847682119205,35.66887417218543,0.37748344370860926,0.34668233195905096
115382,1.0353982300884956,22.309734513274336,0.22123893805309736,0.3500002707061117
115556,1.1324503311258278,32.01324503311258,0.33774834437086093,0.13591592543425718
115918,0.0,0.0,0.0,
116216,3.728476821192053,55.71523178807947,0.5761589403973509,0.4098887222599925
116404,0.5818181818181818,32.527272727272724,0.34545454545454546,0.11456511431117643
116535,3.1125827814569536,70.25165562913908,0.7814569536423841,0.002164491525423729
116594,0.4864864864864865,13.972972972972974,0.16216216216216217,0.06631336405529954
116643,0.9333333333333333,35.54666666666667,0.37333333333333335,0.0828014715273378
118335,0.0,0.0,0.0,
118342,3.3866666666666667,86.26666666666667,0.9466666666666667,0.003639921722113503
118748,6.033112582781457,74.6092715231788,0.8211920529801324,0.7387047981141839
119471,2.8543046357615895,68.11920529801324,0.7417218543046358,0.12610236393200353
119765,0.0,0.0,0.0,
120202,0.41379310344827586,13.620689655172415,0.08620689655172414,0.39920765522531393
120250,0.26666666666666666,6.733333333333333,0.05333333333333334,0.1706322383315918
120721,0.061946902654867256,1.247787610619469,0.008849557522123894,0.0
121145,0.6460176991150443,11.265486725663717,0.12389380530973451,0.07069104435357032
121160,2.2781456953642385,54.66887417218543,0.6026490066225165,0.002492978723404255
121599,2.52212389380531,59.36283185840708,0.6460176991150443,0.24516047311613684
121709,0.1891891891891892,2.4324324324324325,0.02702702702702703,0.0
122074,-0.006896551724137931,0.0,0.0,
122411,0.7027027027027027,41.62162162162162,0.43243243243243246,0.08050505050505051
122775,0.02666666666666667,0.13333333333333333,0.0,0.0036999999999999997
122798,2.2582781456953644,51.854304635761586,0.543046357615894,0.21485771185865157
122806,2.576158940397351,66.49668874172185,0.7615894039735099,0.27250442121745094
123354,0.0,0.0,0.0,
124165,0.02702702702702703,0.7297297297297297,0.0,0.16666666666666669
124183,0.44,8.653333333333334,0.06666666666666667,0.2639585410424901
126184,1.6622516556291391,34.41721854304636,0.3708609271523179,0.24664396711142597
126187,1.2162162162162162,39.75675675675676,0.40540540540540543,0.020528341560863042
128295,1.7086092715231789,47.3046357615894,0.5298013245033113,0.17372346930112043
128309,0.02666666666666667,0.14666666666666667,0.0,0.040635
128340,0.9466666666666667,18.253333333333334,0.16,1.1393641186039634
128389,1.44,27.226666666666667,0.29333333333333333,0.3837921054794222
132015,1.407079646017699,39.11504424778761,0.3805309734513274,0.16336334868466487
133085,0.0,0.0,0.0,
133845,0.013333333333333334,0.10666666666666667,0.0,0.0
135720,1.392156862745098,43.94117647058823,0.45098039215686275,0.0497336895256772
138001,0.008849557522123894,0.008849557522123894,0.0,0.0
140200,0.05333333333333334,1.8,0.013333333333333334,0.005
141746,4.880794701986755,82.29801324503312,0.9072847682119205,0.5523074357750335
144485,2.1150442477876106,38.95575221238938,0.4336283185840708,0.4149873588075881
146941,0.5466666666666666,13.373333333333333,0.14666666666666667,0.13324421578421577
147611,1.1636363636363636,25.8,0.18181818181818182,0.35389829970234826
148225,1.2133333333333334,18.786666666666665,0.14666666666666667,0.3987770830161656
149065,2.7152317880794703,71.96688741721854,0.7947019867549668,0.000434672131147541
149484,1.4768211920529801,36.629139072847686,0.3973509933774834,0.07136765883153871
149519,0.18666666666666668,2.7466666666666666,0.006666666666666667,2.273291033463327
149915,0.43243243243243246,17.513513513513512,0.1891891891891892,5.000000000000001e-05
149929,0.8108108108108109,24.91891891891892,0.24324324324324326,0.1418497303298887
151086,1.8631578947368421,59.252631578947366,0.631578947368421,0.13162561272819456
151589,0.37748344370860926,6.7218543046357615,0.06622516556291391,0.0394122510960906
152551,1.9072847682119205,63.264900662251655,0.6688741721854304,0.14529158524595426
152590,0.0,0.0,0.0,
152760,0.7575757575757576,18.0,0.09090909090909091,0.6192122055367772
152898,0.0,0.0,0.0,
153127,0.0,0.0,0.0,
153133,3.205298013245033,72.98675496688742,0.8211920529801324,0.27063532470740126
153256,0.16,1.8133333333333332,0.013333333333333334,0.04454205163043478
153366,1.185430463576159,28.966887417218544,0.31125827814569534,0.3223878880830472
153682,2.6754966887417218,42.99337748344371,0.4370860927152318,0.41846963118228325
154043,1.027027027027027,37.83783783783784,0.35135135135135137,0.05027624522943932
154048,1.945945945945946,43.4054054054054,0.40540540540540543,0.3218610208580465
154131,0.16216216216216217,7.918918918918919,0.05405405405405406,0.0023489999999999995
154296,2.5486725663716814,69.98230088495575,0.7610619469026548,0.14962095938448094
154561,4.006622516556291,86.42384105960265,0.9602649006622517,0.0025406896551724138
154566,3.0,62.158940397350996,0.6821192052980133,0.41054611577938954
155197,0.32432432432432434,11.621621621621621,0.08108108108108109,0.14182312904064578
155405,0.34,12.773333333333333,0.12,0.06793935485964114
155408,1.6490066225165563,55.271523178807946,0.5761589403973509,0.10192147904465754
155503,0.16216216216216217,5.72972972972973,0.05405405405405406,0.0
155511,1.4719101123595506,40.842696629213485,0.4044943820224719,0.17733056894232493
155529,0.08,2.4,0.02666666666666667,0.0
155561,0.05405405405405406,2.054054054054054,0.0,0.11988913043478262
155569,1.3783783783783783,43.45945945945946,0.4864864864864865,0.07492746153846154
156074,0.1390728476821192,3.7218543046357615,0.039735099337748346,0.032857142857142856
156658,1.0810810810810811,44.83783783783784,0.4594594594594595,0.1449788241125373
156685,0.6133333333333333,18.533333333333335,0.13333333333333333,0.09675070449697062
156687,0.12,3.76,0.02666666666666667,0.017175194805194804
156689,2.19205298013245,48.41721854304636,0.5761589403973509,0.3457052709300308
156700,3.810810810810811,74.83783783783784,0.8378378378378378,0.37393777931519306
157668,0.5333333333333333,20.48,0.21333333333333335,0.09920099297254469
158499,1.8344370860927153,51.82119205298013,0.5298013245033113,0.2068785589152223
158534,1.3893805309734513,60.67256637168141,0.6548672566371682,0.20895678530059653
158983,0.7142857142857143,19.133928571428573,0.16964285714285715,0.0949279257626781
159506,2.1238938053097347,55.51327433628319,0.6283185840707964,0.07766595962608702
159533,1.48,26.48,0.2,0.6375294046162806
160987,0.0,0.0,0.0,
164484,0.0,0.0,0.0,
164511,0.6756756756756757,13.621621621621621,0.16216216216216217,0.27907299999999996
164555,1.4955752212389382,55.823008849557525,0.6106194690265486,0.08307603246104105
165152,0.0,0.0,0.0,
165153,0.8602150537634409,14.10752688172043,0.13978494623655913,1.4406738884917476
165183,0.9459459459459459,46.486486486486484,0.5135135135135135,0.03866666666666667
165659,0.7079646017699115,25.150442477876105,0.26548672566371684,0.12143706533192836
165809,3.033112582781457,67.88079470198676,0.7417218543046358,0.26717980078038966
166324,0.0,0.0,0.0,
166325,0.02702702702702703,0.16216216216216217,0.0,0.0
166477,2.1486486486486487,62.66891891891892,0.6756756756756757,0.0946379453962614
166989,2.3245033112582782,58.40397350993378,0.609271523178808,0.1812673190169432
167074,1.6357615894039734,46.33112582781457,0.5165562913907285,0.1097710390369834
167191,0.05405405405405406,1.162162162162162,0.0,0.104
167199,1.9115044247787611,52.8141592920354,0.5663716814159292,0.13983905325707988
167512,0.5405405405405406,12.837837837837839,0.13513513513513514,0.021070869429078386
167767,0.0,0.0,0.0,
167878,1.0,36.62162162162162,0.35135135135135137,0.08445290549446023
167887,1.5135135135135136,47.351351351351354,0.43243243243243246,0.05767235186933354
167888,0.21621621621621623,7.297297297297297,0.08108108108108109,0.0
168035,0.2972972972972973,10.891891891891891,0.10810810810810811,0.11425358749196832
168090,0.18666666666666668,5.986666666666666,0.06666666666666667,0.14306940082927191
168172,0.0,0.0,0.0,
168281,0.6933333333333334,26.48,0.28,0.022231314285714284
168547,0.0,0.0,0.0,
168580,0.5135135135135135,10.216216216216216,0.10810810810810811,0.19661388053727094
168636,1.065217391304348,9.173913043478262,0.043478260869565216,1.0805515748835328
168765,0.05405405405405406,0.3783783783783784,0.0,0.0
168991,1.2980132450331126,28.655629139072847,0.2980132450331126,0.43304454582872853
169187,3.7610619469026547,65.41592920353982,0.7168141592920354,0.309757278915809
169359,0.2582781456953642,4.6158940397351,0.046357615894039736,0.11581932905944635
169432,1.7837837837837838,34.567567567567565,0.32432432432432434,0.6718561805131709
169528,2.3973509933774833,72.29801324503312,0.8013245033112583,0.10386425971609624
169593,0.006622516556291391,0.019867549668874173,0.0,0.0
170137,0.88,14.786666666666667,0.14666666666666667,0.18380744864288953
171101,1.2222222222222223,42.791666666666664,0.4583333333333333,0.05878457816211432
171287,1.2582781456953642,28.76158940397351,0.2781456953642384,0.11298115728772681
171314,2.4503311258278146,58.75496688741722,0.6423841059602649,0.07811831288124392
171317,3.1621621621621623,80.4054054054054,0.8918918918918919,0.12253152368452452
171422,0.0,0.0,0.0,
171771,1.2266666666666666,57.346666666666664,0.6133333333333333,0.03867287735849057
172453,1.4324324324324325,26.37837837837838,0.32432432432432434,0.39064433777971
172567,1.8,47.57333333333333,0.52,0.1273215471613472
172632,1.2133333333333334,33.346666666666664,0.36,0.18800951708439909
172649,2.609271523178808,65.56291390728477,0.7284768211920529,0.0014230909090909092
172780,2.562913907284768,42.65562913907285,0.46357615894039733,0.5115911346380672
172782,2.081081081081081,60.351351351351354,0.5945945945945946,0.17331887747209684
172841,1.68,35.6,0.3466666666666667,0.31320650293366037
172850,0.9469026548672567,21.309734513274336,0.21238938053097345,0.2584853607815899
172912,0.7272727272727273,26.09090909090909,0.24242424242424243,0.0379186046511628
173268,0.9375,48.1875,0.5,0.0011111111111111111
173271,0.875,29.4375,0.25,0.08899731727483748
173399,0.0,0.0,0.0,
173515,2.081081081081081,28.0,0.24324324324324326,0.34020065696327795
173807,0.35135135135135137,9.972972972972974,0.02702702702702703,0.26594430304657746
173818,0.7837837837837838,16.56756756756757,0.16216216216216217,0.33211134748081905
173821,0.0,0.0,0.0,
173879,1.6428571428571428,19.857142857142858,0.07142857142857142,1.0361842105263157
173904,0.37333333333333335,12.32,0.10666666666666667,0.033395899620071605
173954,0.22666666666666666,3.8,0.02666666666666667,0.06775977400977401
174292,3.3076923076923075,53.46153846153846,0.5384615384615384,0.6706346750193665
174310,2.4864864864864864,35.945945945945944,0.40540540540540543,0.38787274602686517
174592,1.3513513513513513,28.18918918918919,0.2972972972972973,1.1376404302059304
174594,1.9189189189189189,26.35135135135135,0.21621621621621623,1.0920486601772363
174595,0.0,0.0,0.0,
174874,2.4834437086092715,77.83443708609272,0.8543046357615894,0.07830001377559856
174932,0.06666666666666667,0.9733333333333334,0.0,0.0
175592,0.2702702702702703,7.837837837837838,0.05405405405405406,0.1994031505573669
175941,0.0,0.0,0.0,
176297,2.7019867549668874,43.43046357615894,0.4768211920529801,0.420100595400852
176413,0.52,10.733333333333333,0.06666666666666667,0.5525044698624081
177815,2.2933333333333334,50.58,0.5666666666666667,0.7107277754595788
178173,0.0,0.0,0.0,
178186,4.602649006622516,83.05960264900662,0.9205298013245033,0.3813091771490702
178301,4.920529801324503,77.39735099337749,0.8741721854304636,0.49635415349711315
179018,2.168141592920354,40.415929203539825,0.4336283185840708,0.32448618121600886
179268,2.2847682119205297,59.973509933774835,0.6556291390728477,0.1440395884694074
179458,1.6266666666666667,29.92,0.24,0.3120953042329438
179519,1.1727272727272726,39.654545454545456,0.39090909090909093,0.06320281193427274
180135,1.9403973509933774,46.63576158940398,0.4768211920529801,0.5396874373683175
180151,0.0,0.0,0.0,
180184,0.12,2.1866666666666665,0.013333333333333334,0.47369200000000006
180736,2.0927152317880795,48.17218543046358,0.5231788079470199,0.06773987603990177
180804,0.7866666666666666,37.61333333333334,0.41333333333333333,0.06105861837090594
180974,2.198675496688742,54.83443708609271,0.5827814569536424,0.18939772893598134
181284,0.6066666666666667,11.213333333333333,0.08666666666666667,0.8566615484442244
183656,0.6099290780141844,9.893617021276595,0.0851063829787234,0.7160987309928111
183751,0.10666666666666667,1.4666666666666666,0.0,0.3256696428571429
184029,3.8940397350993377,65.65562913907284,0.7218543046357616,0.42347570395698425
184193,0.0,0.0,0.0,
184254,2.3716814159292037,74.070796460177,0.8230088495575221,0.00043010752688172043
184341,1.2119205298013245,24.52317880794702,0.23841059602649006,0.25323713438284434
184349,1.2384105960264902,21.158940397350992,0.2185430463576159,0.33190261101137525
184386,0.4909090909090909,26.10909090909091,0.2545454545454545,0.08313338691369841
184667,1.1689189189189189,28.72972972972973,0.28378378378378377,0.08121768118329142
184704,0.28,15.08,0.17333333333333334,0.051898158179848324
184754,1.8211920529801324,34.62251655629139,0.2913907284768212,0.30787479156464154
185253,0.08620689655172414,3.0517241379310347,0.0,0.1241327139819245
189776,0.0,0.0,0.0,
191866,1.403973509933775,38.58940397350993,0.423841059602649,0.9472859316465203
192290,0.16,10.893333333333333,0.10666666666666667,0.029509597346876863
192895,0.4778761061946903,8.513274336283185,0.061946902654867256,0.16746713283148754
193195,0.0,0.0,0.0,
193204,1.5733333333333333,43.013333333333335,0.41333333333333333,0.08961827107513508
193488,0.0,0.0,0.0,
193645,1.4864864864864864,83.37837837837837,0.918918918918919,0.03532315270935961
194010,1.1986754966887416,33.49006622516556,0.3509933774834437,0.08147048842578557
194164,0.1592920353982301,10.814159292035399,0.11504424778761062,0.1187781510890666
194190,0.36363636363636365,18.01818181818182,0.2,0.1125
194252,0.0,0.0,0.0,
194634,2.4424778761061945,30.265486725663717,0.2743362831858407,0.7420980193403289
194799,0.017699115044247787,0.07964601769911504,0.0,0.0
195384,2.164383561643836,35.21917808219178,0.3287671232876712,0.41279289587856594
195473,0.2702702702702703,8.378378378378379,0.02702702702702703,0.07239367357788411
195546,1.4834437086092715,27.52317880794702,0.26490066225165565,0.5119225144222278
195735,0.0,0.0,0.0,
195851,1.2035398230088497,27.053097345132745,0.23893805309734514,0.7098085910889291
195899,0.5466666666666666,12.28,0.12,0.0922009328358209
196100,2.9444444444444446,78.27777777777777,0.8888888888888888,0.23587230913262702
196411,1.054054054054054,20.972972972972972,0.21621621621621623,0.29632351006097557
197024,0.5866666666666667,17.626666666666665,0.18666666666666668,0.039438573792484076
197365,0.0,0.0,0.0,
197464,0.02654867256637168,0.5752212389380531,0.008849557522123894,0.01665
197469,0.05333333333333334,1.72,0.0,0.11113699906803355
198826,0.5806451612903226,22.35483870967742,0.21505376344086022,0.21946746068497772
198842,0.02702702702702703,0.02702702702702703,0.0,0.0
198849,0.0,0.0,0.0,
198869,2.8675496688741724,52.549668874172184,0.5894039735099338,0.13067655214564786
199056,1.1081081081081081,47.45945945945946,0.5135135135135135,0.06168749999999999
199170,0.7066666666666667,34.78666666666667,0.37333333333333335,0.0624827641151598
199249,0.6666666666666666,15.070175438596491,0.15789473684210525,0.2775189921147147
199584,0.05333333333333334,1.9333333333333333,0.02666666666666667,0.004114772727272727
199598,1.1592920353982301,26.805309734513273,0.3008849557522124,0.13748217838932614
199670,1.119205298013245,23.019867549668874,0.23841059602649006,0.3168249094370304
199796,2.0728476821192054,59.56953642384106,0.6357615894039735,0.1348687554254794
199798,2.6754966887417218,81.86754966887418,0.9072847682119205,0.05930211789266518
200089,1.4768211920529801,32.56953642384106,0.31788079470198677,0.3948300149673425
200402,1.9557522123893805,75.36283185840708,0.8230088495575221,0.06706493955231105
200428,0.0,0.0,0.0,
200439,2.5405405405405403,53.7027027027027,0.6216216216216216,0.18215753124286088
200600,0.831858407079646,15.982300884955752,0.1415929203539823,0.20247908879713403
200617,0.8933333333333333,17.72,0.10666666666666667,0.31541020281512044
200641,0.6423841059602649,7.006622516556291,0.046357615894039736,0.7308309675340965
200720,1.4437086092715232,33.973509933774835,0.37748344370860926,0.004035087719298246
200785,1.2281879194630871,39.67785234899329,0.436241610738255,0.06596404302627577
200826,0.6266666666666667,6.546666666666667,0.05333333333333334,0.7352602514835135
200834,4.083333333333333,74.83333333333333,0.8333333333333334,0.12452224844829093
201057,0.9452054794520548,30.794520547945204,0.3287671232876712,0.09828225806451613
201410,0.7297297297297297,66.97297297297297,0.7297297297297297,0.0384389069485027
201440,0.0,0.0,0.0,
201595,1.162162162162162,38.91891891891892,0.43243243243243246,0.0
201658,2.629139072847682,55.841059602649004,0.5960264900662252,0.36439301664529977
201666,2.8940397350993377,47.34437086092715,0.4768211920529801,0.5620607470412632
201895,3.3783783783783785,75.5945945945946,0.8378378378378378,0.08249062636029939
202641,2.2389380530973453,57.34513274336283,0.6371681415929203,0.003888888888888889
202993,1.5430463576158941,39.317880794701985,0.4105960264900662,0.24087590676429738
203341,1.4,53.29333333333334,0.5866666666666667,0.08673657012317233
203368,0.0,0.0,0.0,
203389,0.0,0.0,0.0,
204043,0.0,0.0,0.0,
204120,1.054054054054054,21.594594594594593,0.21621621621621623,0.9770525451559933
204214,1.6644295302013423,42.38255033557047,0.4563758389261745,0.14745848112162654
204480,3.9205298013245033,82.20529801324503,0.9139072847682119,0.22182870802449278
204580,2.1456953642384105,58.609271523178805,0.6490066225165563,0.1589607919076261
204646,1.6481481481481481,17.333333333333332,0.1111111111111111,0.826689060948218
204676,0.0,0.0,0.0,
204716,2.2450331125827816,57.50993377483444,0.6291390728476821,0.07942203268463477
204727,0.0,0.0,0.0,
204814,1.3636363636363635,28.2,0.3090909090909091,0.3866464317572537
204822,0.0,0.0,0.0,
204863,0.918918918918919,39.4054054054054,0.40540540540540543,0.33666776716434105
204936,3.9705882352941178,90.0,1.0,0.003823529411764706
204968,1.3774834437086092,41.65562913907285,0.3841059602649007,0.22712173119050968
205533,1.390728476821192,23.629139072847682,0.1986754966887417,0.8276759109198697
205651,1.794701986754967,29.655629139072847,0.2980132450331126,0.802168469115786
205836,0.5555555555555556,11.458333333333334,0.09722222222222222,0.34774845098444496
206325,1.6556291390728477,31.185430463576157,0.3443708609271523,0.14219382575581116
206915,1.6556291390728477,37.88079470198676,0.3708609271523179,0.2707758506567399
207189,1.9196428571428572,71.75892857142857,0.7678571428571429,0.16632029241584576
207270,0.38666666666666666,14.4,0.16,0.0
207283,2.410596026490066,53.03973509933775,0.5960264900662252,0.49458141553530577
207722,0.0,0.0,0.0,
208706,3.629139072847682,77.18543046357615,0.8675496688741722,0.28504868771020486
208904,0.40540540540540543,10.72972972972973,0.08108108108108109,0.03874999999999999
208912,0.6225165562913907,20.85430463576159,0.2185430463576159,0.030343333333333333
209035,0.0,0.0,0.0,
209036,3.019867549668874,76.54966887417218,0.847682119205298,0.10570559053092031
209041,1.0769230769230769,30.153846153846153,0.23076923076923078,0.5667831706044342
209042,0.7876106194690266,28.557522123893804,0.24778761061946902,0.22175279195389122
209045,0.0,0.0,0.0,
209046,1.9867549668874172,38.90066225165563,0.37748344370860926,0.24048745741726524
209243,1.5298013245033113,28.980132450331126,0.2781456953642384,0.31603434462031277
209244,4.013245033112582,55.966887417218544,0.5827814569536424,0.5099579060482222
209288,0.0,0.0,0.0,
209289,1.5496688741721854,28.99337748344371,0.2847682119205298,0.4652400397738047
209293,0.25,31.375,0.3125,0.053855461478412296
209365,1.48,43.85333333333333,0.4666666666666667,0.12400075478302633
209400,1.48,45.32,0.4666666666666667,0.2642412799628927
209925,0.0,0.0,0.0,
210156,1.6026490066225165,21.728476821192054,0.2052980132450331,0.9608956703374543
210462,1.1926605504587156,33.24770642201835,0.3302752293577982,0.09283871319678519
210494,0.6423841059602649,24.04635761589404,0.271523178807947,0.10354503636550749
211975,1.7465753424657535,46.63013698630137,0.4931506849315068,0.10575052389306744
212314,1.3923076923076922,43.05384615384615,0.46153846153846156,0.19905345762809834
212319,2.172185430463576,32.152317880794705,0.304635761589404,0.7803464321579228
212701,0.40625,12.78125,0.125,0.04210726963512678
212721,0.7027027027027027,29.27027027027027,0.2702702702702703,0.06132496870520784
213198,0.7876106194690266,11.867256637168142,0.07964601769911504,0.7560357260403077
213345,0.0,0.0,0.0,
213482,0.0,1.2162162162162162,0.0,0.0
213687,0.0,0.0,0.0,
213999,0.9026548672566371,36.67256637168141,0.37168141592920356,0.08997738516499129
214048,2.0463576158940397,77.04635761589404,0.8543046357615894,0.05588546892403653
214225,0.9557522123893806,25.327433628318584,0.2743362831858407,0.06061559507523939
214285,0.9205298013245033,15.006622516556291,0.12582781456953643,0.28405206865996
214466,0.3333333333333333,8.906666666666666,0.05333333333333334,0.14566000386866002
214572,0.006622516556291391,0.5960264900662252,0.006622516556291391,0.0
214590,1.9801324503311257,55.920529801324506,0.6225165562913907,0.09177593641264636
214964,0.02702702702702703,0.02702702702702703,0.0,0.0
215059,2.5033112582781456,61.80794701986755,0.6887417218543046,0.0006459047619047619
215136,2.172185430463576,60.94701986754967,0.6423841059602649,0.40324578875734435
215379,2.3642384105960264,49.05298013245033,0.5231788079470199,0.42800765941455565
215413,2.2035398230088497,45.203539823008846,0.48672566371681414,0.1964753594256463
215439,2.9271523178807946,68.48344370860927,0.7284768211920529,0.2303363769921728
215460,0.0,0.0,0.0,
215531,0.05405405405405406,4.864864864864865,0.05405405405405406,0.0
215711,2.0596026490066226,36.549668874172184,0.3576158940397351,0.4829806222076405
216051,2.774834437086093,71.17218543046357,0.7748344370860927,0.12534107363729022
216054,0.05405405405405406,0.6486486486486487,0.0,0.0
216055,2.3529411764705883,59.11764705882353,0.6470588235294118,0.045771138373599175
216094,1.6756756756756757,27.45945945945946,0.2702702702702703,0.5475616799179711
216208,0.0,0.0,0.0,
216616,1.6027397260273972,81.15068493150685,0.9041095890410958,0.054469155889350945
216620,0.0,0.0,0.0,
216646,3.006622516556291,49.59602649006622,0.543046357615894,0.42816874086300083
217331,0.3466666666666667,4.08,0.013333333333333334,0.3748887691287041
217593,1.2,25.48,0.22666666666666666,0.5653100228339747
218031,0.43243243243243246,14.27027027027027,0.16216216216216217,0.06285714285714286
218218,1.8857142857142857,78.68571428571428,0.8571428571428571,0.05178306322674418
218328,1.8235294117647058,31.38235294117647,0.2647058823529412,0.7411598187946111
218364,0.16216216216216217,2.675675675675676,0.0,0.04514285714285714
218430,0.7142857142857143,20.17142857142857,0.17142857142857143,0.11082407392304534
218997,0.29310344827586204,3.7758620689655173,0.034482758620689655,0.37196931625686563
219168,3.5405405405405403,48.817567567567565,0.5608108108108109,0.6946696935765001
219249,0.9041095890410958,15.493150684931507,0.1506849315068493,0.5951066494369319
219279,1.135135135135135,39.4054054054054,0.35135135135135137,0.2058041007798683
219291,0.0,0.0,0.0,
219847,2.7218543046357615,50.3046357615894,0.5364238410596026,0.462621017783949
219924,1.119205298013245,36.370860927152314,0.39072847682119205,0.027824094789712355
219937,0.0,0.0,0.0,
219961,0.0,0.0,0.0,
220037,0.0,0.0,0.0,
220087,1.3,60.25,0.6,0.07865416666666666
220237,1.880794701986755,44.09271523178808,0.48344370860927155,0.09500967118405847
220307,0.7592592592592593,13.87037037037037,0.1111111111111111,0.3770426851811415
220362,1.651685393258427,51.61797752808989,0.5730337078651685,0.10086803877662603
220394,0.88,22.44,0.17333333333333334,0.1508888042171977
220566,2.2450331125827816,49.16556291390729,0.5298013245033113,0.2226428515433815
220583,0.4864864864864865,32.08108108108108,0.32432432432432434,0.0033333333333333335
220585,0.6460176991150443,24.876106194690266,0.26548672566371684,0.062281877005937625
220598,0.02666666666666667,0.25333333333333335,0.0,0.675
220627,1.8738738738738738,53.75675675675676,0.5855855855855856,0.06894293542594823
220684,0.0,0.0,0.0,
220695,0.12121212121212122,1.696969696969697,0.0,0.11733878333942271
221239,0.0,0.0,0.0,
221389,0.3235294117647059,12.852941176470589,0.14705882352941177,0.0
221399,2.1266666666666665,48.32666666666667,0.5266666666666666,0.2688735320744308
221403,0.0,0.0,0.0,
221466,2.5,60.193333333333335,0.66,0.12997010326863626
221610,0.0,0.0,0.0,
221632,2.0728476821192054,55.88079470198676,0.609271523178808,0.14212175830048202
221820,1.3841059602649006,37.390728476821195,0.3973509933774834,0.08541726044450333
222017,0.013333333333333334,0.013333333333333334,0.0,0.0
222018,0.672566371681416,24.283185840707965,0.23008849557522124,0.08516554658676288
222531,4.105960264900662,80.29139072847683,0.9006622516556292,0.3446702940772405
222625,1.1891891891891893,15.567567567567568,0.10810810810810811,0.3678923918992884
222627,0.0,0.0,0.0,
222677,2.054054054054054,50.86486486486486,0.5135135135135135,0.22598910008821163
222683,2.6371681415929205,45.8141592920354,0.5132743362831859,0.4524139669908891
222690,0.4370860927152318,9.913907284768213,0.08609271523178808,0.028896270753512133
222694,2.3066666666666666,67.24,0.7333333333333333,0.08505297355765523
223081,0.0,0.0,0.0,
223094,6.0198675496688745,72.90728476821192,0.8145695364238411,0.8438055055796674
223333,0.0,0.0,0.0,
223336,0.08108108108108109,0.35135135135135137,0.0,0.0
223340,4.71523178807947,66.5364238410596,0.7218543046357616,0.637266239048717
223434,0.5398230088495575,23.831858407079647,0.23893805309734514,0.03550645347806005
223541,0.6027397260273972,5.7534246575342465,0.0273972602739726,0.8679117939120806
223723,0.911504424778761,15.902654867256636,0.13274336283185842,0.1606639621743166
223827,3.135135135135135,57.945945945945944,0.5945945945945946,0.19428290804836024
223911,0.39072847682119205,18.60927152317881,0.1986754966887417,0.02888444444444445
224024,2.360544217687075,58.965986394557824,0.673469387755102,0.2872732152595406
224068,0.271523178807947,10.132450331125828,0.11258278145695365,0.0
224117,3.4324324324324325,59.729729729729726,0.5945945945945946,0.60005529162625
224209,1.3783783783783783,50.45945945945946,0.5405405405405406,0.016938007680250784
224860,1.3823529411764706,41.0,0.29411764705882354,0.22738894673781426
224967,2.5827814569536423,73.33112582781457,0.8013245033112583,0.06625191965479055
224995,0.8095238095238095,12.08843537414966,0.08163265306122448,0.6191104642443218
225295,1.588235294117647,43.05882352941177,0.47058823529411764,0.20760432277241436
225321,1.8874172185430464,50.74834437086093,0.5629139072847682,0.0007696511627906977
225796,1.4768211920529801,30.688741721854306,0.2980132450331126,0.20904417316038384
225897,0.12121212121212122,1.606060606060606,0.0,0.0
225902,1.16,49.32,0.5466666666666666,0.05326306590538365
226182,2.0933333333333333,73.4,0.8133333333333334,0.13812113699259174
226473,0.0,0.0,0.0,
226597,4.105960264900662,76.28476821192054,0.8344370860927153,0.12936889040151356
226944,1.3377483443708609,43.41721854304636,0.4768211920529801,0.06956908448876022
226956,1.0529801324503312,27.655629139072847,0.2847682119205298,0.34889989473489974
227127,0.9139072847682119,33.5364238410596,0.32450331125827814,0.08991271748075762
227444,3.466666666666667,88.2,0.9733333333333334,0.08216216216216217
228044,0.05333333333333334,0.24,0.0,0.0
228286,0.6486486486486487,23.10810810810811,0.24324324324324326,3.5e-05
229164,1.2465753424657535,30.465753424657535,0.3013698630136986,0.2683191189763852
229384,0.24,4.226666666666667,0.04,0.4973248513801806
229600,0.4370860927152318,12.218543046357615,0.13245033112582782,0.0006676190476190476
230001,1.8,49.86666666666667,0.5333333333333333,0.09056246014301998
230046,2.8839285714285716,60.330357142857146,0.6607142857142857,0.23700779730216465
230251,0.35135135135135137,6.387387387387387,0.05405405405405406,0.0720030959752322
230348,0.2972972972972973,8.45945945945946,0.02702702702702703,0.19872095646289195
230376,1.2162162162162162,30.18918918918919,0.2702702702702703,0.4100127944969946
231057,1.6422018348623852,35.34862385321101,0.3394495412844037,0.21873983224177682
231065,1.6556291390728477,49.34437086092715,0.5496688741721855,0.08811420915469428
231372,0.0,0.0,0.0,
231416,1.8630136986301369,46.917808219178085,0.5205479452054794,0.15258264616568873
231480,1.4090909090909092,45.08181818181818,0.4818181818181818,0.05772761944386658
231747,3.0728476821192054,52.05960264900662,0.5231788079470199,0.543529677940801
231899,1.0,22.2972972972973,0.10810810810810811,0.16606451612903225
232112,1.2083333333333333,36.84722222222222,0.3472222222222222,0.0805599065287417
232185,3.533333333333333,64.48,0.6933333333333334,0.5611468985694544
232223,0.0,0.0,0.0,
232228,0.02702702702702703,10.18918918918919,0.10810810810810811,0.0435650623885918
232241,0.0,0.0,0.0,
232247,0.0,0.0,0.0,
232351,0.2972972972972973,13.45945945945946,0.13513513513513514,0.16444286750073278
232356,0.0,0.0,0.0,
232413,3.6754966887417218,60.549668874172184,0.6490066225165563,0.43581808257204907
232423,0.0,0.0,0.0,
232477,0.0,0.0,0.0,
232571,0.0,0.0,0.0,
232620,0.02702702702702703,0.5945945945945946,0.0,0.044672727272727274
232653,1.9072847682119205,42.70860927152318,0.4304635761589404,0.22313906783661336
232787,1.8153846153846154,44.91538461538462,0.46923076923076923,0.18740488793109905
232792,0.6357615894039735,14.589403973509933,0.11258278145695365,0.14593453390852254
232820,0.0,0.0,0.0,
232826,3.152317880794702,57.58940397350993,0.6225165562913907,0.4330459591349536
232829,0.0,0.0,0.0,
232859,0.8410596026490066,24.86092715231788,0.26490066225165565,0.09085872727231345
232892,2.106194690265487,69.15929203539822,0.7610619469026548,0.0432258064516129
232917,1.28,33.6,0.37333333333333335,0.002142857142857143
232928,2.0463576158940397,57.682119205298015,0.6225165562913907,0.16275880717982258
232937,0.0,0.0,0.0,
232977,0.0,0.0,0.0,
232980,0.48,17.56,0.18666666666666668,0.0529272058665733
233420,1.6666666666666667,65.63636363636364,0.7575757575757576,0.06409214908225441
233425,0.0,0.0,0.0,
233821,0.8108108108108109,69.16216216216216,0.7567567567567568,0.12000000000000001
233963,1.7927927927927927,53.846846846846844,0.5405405405405406,0.09360393035283629
234370,1.8108108108108107,62.5945945945946,0.6216216216216216,0.1946408909483212
235382,0.0,0.0,0.0,
235448,0.0,0.0,0.0,
235449,0.0,0.0,0.0,
235530,1.0619469026548674,34.442477876106196,0.36283185840707965,0.08539528753812145
235674,0.3841059602649007,5.006622516556291,0.039735099337748346,0.3207968084635747
235826,0.43243243243243246,6.27027027027027,0.02702702702702703,0.6277211611917494
240143,0.5135135135135135,21.972972972972972,0.13513513513513514,0.016995483848510167
240299,0.033112582781456956,1.1390728476821192,0.0,0.515472830923248
240514,0.0,0.0,0.0,
241157,1.0,25.495575221238937,0.26548672566371684,0.0699944710531408
241231,0.4,16.453333333333333,0.18666666666666668,0.050297498309668696
241519,1.6666666666666667,76.38888888888889,0.8333333333333334,0.068112749285449
242453,1.054054054054054,27.37837837837838,0.2702702702702703,0.4363944175427299
242500,0.0,0.0,0.0,
242880,0.6592592592592592,22.54074074074074,0.2222222222222222,0.06962376726129048
242882,1.2432432432432432,34.45945945945946,0.35135135135135137,0.013333333333333332
242885,0.0,0.0,0.0,
242898,3.013245033112583,60.450331125827816,0.6158940397350994,0.3999141001731496
243016,3.165562913907285,70.48344370860927,0.7615894039735099,0.2938486679756086
243298,3.348148148148148,56.7037037037037,0.5777777777777777,0.5603181444540379
243345,0.1456953642384106,3.827814569536424,0.033112582781456956,0.0020826299376299376
243505,0.22123893805309736,5.460176991150442,0.04424778761061947,0.79907546239261
243526,1.837837837837838,71.27027027027027,0.7567567567567568,0.13319039187435852
243532,0.0,0.0,0.0,
243557,1.8933333333333333,28.906666666666666,0.32,0.61945256960346
243568,0.7522123893805309,24.02654867256637,0.23893805309734514,0.18740542115904193
243571,0.6688741721854304,18.90066225165563,0.18543046357615894,0.10177080771199705
244042,1.4370860927152318,22.834437086092716,0.2185430463576159,0.546135119721472
244085,0.08,1.3866666666666667,0.0,0.3730907692307692
244262,2.5945945945945947,76.56756756756756,0.8648648648648649,0.2345761085760293
244560,1.9189189189189189,49.4054054054054,0.5135135135135135,0.03993036496364305
244619,0.5181818181818182,27.472727272727273,0.3,0.06599529550639968
244704,1.588235294117647,24.58823529411765,0.17647058823529413,0.13112602137828255
244723,3.1059602649006623,82.05960264900662,0.8940397350993378,0.0958373354127407
244731,2.562913907284768,39.794701986754966,0.4503311258278146,0.5002382634634716
244845,0.35135135135135137,18.405405405405407,0.16216216216216217,0.0318
244850,4.010989010989011,77.26373626373626,0.8791208791208791,0.4473748503966104
244851,3.8609271523178808,53.19205298013245,0.5761589403973509,0.6775447135852053
244856,1.0789473684210527,64.5,0.7105263157894737,0.03989988876529477
244858,0.6637168141592921,7.8053097345132745,0.04424778761061947,2.087933870071897
244930,0.008849557522123894,0.061946902654867256,0.0,0.0
244932,0.0,0.0,0.0,
244954,1.7964601769911503,54.309734513274336,0.584070796460177,0.05843862676864911
245414,0.9714285714285714,23.542857142857144,0.11428571428571428,0.4611256861479129
245419,1.36,24.2,0.2,0.16684616079606884
245719,1.4864864864864864,76.32432432432432,0.8108108108108109,0.07390739326033444
245824,0.8981481481481481,13.12037037037037,0.1111111111111111,0.3483969096520801
245830,0.0,0.0,0.0,
245923,0.0,0.0,0.0,
246265,0.0,0.0,0.0,
246301,0.64,17.066666666666666,0.18666666666666668,0.030760260292506926
246799,0.0,0.0,0.0,
247245,0.0945945945945946,7.891891891891892,0.08108108108108109,0.06384057971014492
247348,3.619565217391304,76.34782608695652,0.8478260869565217,0.2202461576899501
247412,2.9066666666666667,64.16,0.68,0.31446266864013994
247632,2.2913907284768213,48.37748344370861,0.5033112582781457,0.3484756044892995
247664,0.0,0.0,0.0,
247670,3.1176470588235294,76.29411764705883,0.9411764705882353,0.3905170294478287
247693,1.5,48.1764705882353,0.5,0.24324235361618404
247955,1.588235294117647,46.794117647058826,0.47058823529411764,0.13984136347477183
248056,1.7027027027027026,33.24324324324324,0.2972972972972973,0.17311100348826566
248164,0.0,0.0,0.0,
248854,0.0,0.0,0.0,
248857,2.1603053435114505,36.89312977099237,0.3816793893129771,0.44631999917428283
248859,0.038461538461538464,0.038461538461538464,0.0,0.0
248865,0.0,0.0,0.0,
248875,2.7477477477477477,43.7027027027027,0.42342342342342343,0.4803828698492109
248937,0.4,5.466666666666667,0.02666666666666667,0.4524431837606838
249231,1.9271523178807948,44.40397350993378,0.47019867549668876,0.3184351720642255
250199,1.5412844036697249,42.07339449541284,0.4036697247706422,0.33070067816181475
250370,0.0,0.0,0.0,
250735,0.0,0.0,0.0,
422287,0.0,0.0,0.0,
422303,0.0,0.0,0.0,
423649,0.2972972972972973,5.648648648648648,0.05405405405405406,0.0
424001,1.945945945945946,69.70270270270271,0.7027027027027027,0.06237794041328282
424044,0.16030534351145037,3.7022900763358777,0.03816793893129771,0.39185117302052785
424876,3.5398230088495577,68.39823008849558,0.7699115044247787,0.4017546104453346
427420,0.8666666666666667,15.2,0.06666666666666667,0.1659429541047188
427623,1.794701986754967,48.211920529801326,0.5231788079470199,0.08582026993445681
427637,2.7733333333333334,62.986666666666665,0.72,0.20125209072538575
428399,1.1724137931034482,22.379310344827587,0.1896551724137931,1.038809541629522
428580,0.6026490066225165,13.874172185430464,0.09271523178807947,0.7046598524436607
428610,0.0,0.0,0.0,
428971,0.0,0.0,0.0,
429414,0.1780821917808219,1.4863013698630136,0.00684931506849315,1.0157288299935359
430871,3.6940298507462686,63.343283582089555,0.6865671641791045,0.4257056425643749
430992,0.058823529411764705,0.4117647058823529,0.0,0.0
431131,0.7297297297297297,18.972972972972972,0.16216216216216217,0.1262998949579832
431248,1.7714285714285714,65.45714285714286,0.7428571428571429,0.1434846040069921
431639,2.4324324324324325,45.4054054054054,0.5135135135135135,1.225331055872008
431960,0.0,0.0,0.0,
432160,0.64,10.96,0.06666666666666667,0.43697439202953914
432422,1.7964601769911503,49.52212389380531,0.5221238938053098,0.20300651577993842
432711,0.0,0.0,0.0,
432712,0.0,0.0,0.0,
432714,0.8211920529801324,16.09933774834437,0.1456953642384106,0.433782581086659
432720,1.08,37.2,0.41333333333333333,0.0012903225806451613
432830,2.556291390728477,71.26490066225166,0.7682119205298014,0.09676502652519893
432931,0.013333333333333334,0.013333333333333334,0.0,0.0
432987,0.030303030303030304,0.3333333333333333,0.0,0.0
432990,0.2702702702702703,14.243243243243244,0.10810810810810811,0.05397884120145618
433036,2.3513513513513513,41.810810810810814,0.43243243243243246,0.5113783389164742
433154,2.622516556291391,52.370860927152314,0.5629139072847682,0.29655002530813457
433312,1.7254901960784315,38.21568627450981,0.39215686274509803,0.3636357370281922
433589,0.0,0.0,0.0,
433590,0.02702702702702703,1.8918918918918919,0.02702702702702703,0.0
433952,0.0,0.0,0.0,
433979,1.2743362831858407,29.04424778761062,0.2831858407079646,0.43382963076525316
434043,0.0,0.0,0.0,
434044,0.0,0.0,0.0,
434399,1.945945945945946,50.7027027027027,0.5405405405405406,0.03518817204301075
434662,0.05333333333333334,0.08,0.0,0.0
434752,2.6486486486486487,49.16216216216216,0.5405405405405406,0.30895833333333333
435973,1.7733333333333334,43.45333333333333,0.4666666666666667,0.300386213935815
435997,3.0277777777777777,43.138888888888886,0.5,0.3787807689335
436234,0.1390728476821192,2.2913907284768213,0.019867549668874173,0.5438131599159188
436416,0.0,0.0,0.0,
436680,0.6216216216216216,21.89189189189189,0.24324324324324326,0.0
436893,0.16,6.56,0.06666666666666667,0.024532948953799677
437468,0.410958904109589,5.315068493150685,0.0273972602739726,0.3267243867243867
437476,0.0,0.0,0.0,
437495,1.2,40.8,0.4533333333333333,0.0035991176470588234
437499,3.7222222222222223,86.125,0.9583333333333334,0.1121586209560433
437505,1.972972972972973,30.243243243243242,0.24324324324324326,0.6717336231377768
437626,0.14666666666666667,6.053333333333334,0.05333333333333334,0.07279160739687056
437730,3.7099236641221376,66.36641221374046,0.7251908396946565,0.3471289832269876
437738,0.6486486486486487,11.567567567567568,0.10810810810810811,0.0010356731875719217
437742,0.6194690265486725,17.98230088495575,0.19469026548672566,0.058199864394015116
437748,0.3611111111111111,6.208333333333333,0.05555555555555555,0.20058087261575633
437753,0.02666666666666667,0.2,0.0,0.0
437757,0.08571428571428572,0.4,0.0,0.0
438098,0.423841059602649,5.231788079470198,0.026490066225165563,0.4551940719838431
438234,2.4339622641509435,35.18867924528302,0.3584905660377358,0.8539887482641177
438405,,,,
438464,0.7549668874172185,27.370860927152318,0.2913907284768212,0.12324669665647645
439135,0.0196078431372549,0.37254901960784315,0.0,0.0
439483,0.0,0.0,0.0,
439510,0.0,0.0,0.0,
440089,2.14,44.99333333333333,0.47333333333333333,0.3006301514059494
440123,0.0,0.0,0.0,
440148,0.0,0.0,0.0,
440323,0.7350993377483444,13.139072847682119,0.11258278145695365,0.2516774153574893
440854,1.0303030303030303,18.818181818181817,0.19696969696969696,0.05139244596574119
440955,0.0,0.0,0.0,
440993,2.1238938053097347,45.283185840707965,0.5132743362831859,0.31764519927931295
441024,0.0,0.0,0.0,
441164,3.076923076923077,73.31538461538462,0.8076923076923077,0.24679438965912864
441191,1.3973509933774835,36.35099337748344,0.3708609271523179,0.07452146556768006
441192,0.11258278145695365,1.1655629139072847,0.006622516556291391,0.2641187491234157
441240,0.043010752688172046,0.3978494623655914,0.0,0.7200000000000001
441264,2.5588235294117645,54.705882352941174,0.5882352941176471,0.23989381933119228
441266,2.5596330275229358,65.86238532110092,0.6972477064220184,0.16350883169975652
441271,0.08849557522123894,3.743362831858407,0.035398230088495575,0.08650295716112533
441302,1.0353982300884956,25.0,0.21238938053097345,0.3183821386847568
441428,0.7733333333333333,22.346666666666668,0.2,0.06673736206750337
441455,1.5135135135135136,61.24324324324324,0.6756756756756757,0.17233839772055845
442229,0.0,0.0,0.0,
443211,0.05405405405405406,2.945945945945946,0.0,0.0
443261,1.4857142857142858,32.6,0.2857142857142857,0.20849483400030266
443629,0.0,0.0,0.0,
443661,3.3466666666666667,52.333333333333336,0.5866666666666667,0.35503449057903236
443967,0.8108108108108109,36.054054054054056,0.3783783783783784,0.05120936911487759
444102,3.2567567567567566,67.37837837837837,0.7702702702702703,0.45367698195362066
444145,3.251655629139073,53.36423841059602,0.5496688741721855,0.534735260886293
444172,0.0,0.0,0.0,
444180,1.2516556291390728,26.655629139072847,0.2582781456953642,0.21185293929882382
444183,0.0,0.0,0.0,
444463,0.8609271523178808,27.75496688741722,0.2847682119205298,0.06164399138311325
444765,1.1324503311258278,34.80132450331126,0.37748344370860926,0.22994830248059023
444884,1.2980132450331126,22.509933774834437,0.17218543046357615,0.46579295420757094
445044,2.271523178807947,47.728476821192054,0.5298013245033113,0.3099973659173226
445122,2.327433628318584,43.690265486725664,0.4690265486725664,0.16173208554737328
445548,0.07692307692307693,2.292307692307692,0.015384615384615385,0.2041095890410959
446008,4.317880794701987,71.62251655629139,0.8211920529801324,0.5087709466872258
446189,0.0,0.0,0.0,
447107,0.0,0.0,0.0,
447203,1.9735099337748345,31.986754966887418,0.304635761589404,0.6936014053804893
447235,0.0,0.0,0.0,
447261,0.0,0.0,0.0,
447325,0.0,0.0,0.0,
447372,0.0,0.0,0.0,
447715,0.24324324324324326,7.054054054054054,0.06756756756756757,0.09897503942926145
447720,0.0,0.0,0.0,
447879,0.0,0.0,0.0,
447880,0.0,0.0,0.0,
447932,1.2702702702702702,39.24324324324324,0.43243243243243246,0.0787609807126512
448047,3.1297709923664123,74.21374045801527,0.8244274809160306,0.38644474451414035
448089,2.213740458015267,69.45801526717557,0.7480916030534351,0.1274636146535225
448104,2.5,49.911764705882355,0.5,0.09158824550016702
448496,0.0,0.0,0.0,
448514,2.0,49.43046357615894,0.5298013245033113,0.1688553648002027
448791,0.02702702702702703,0.10810810810810811,0.0,0.840375
449027,0.918918918918919,23.43243243243243,0.24324324324324326,0.0
449133,0.0,0.0,0.0,
449429,0.972972972972973,57.16216216216216,0.6216216216216216,0.06208333333333333
449434,2.2649006622516556,43.80794701986755,0.423841059602649,0.3732070022783615
449871,1.8866666666666667,52.81333333333333,0.5733333333333334,0.15767443214124358
449988,0.052980132450331126,1.7152317880794703,0.013245033112582781,0.4527067966280295
450070,1.8672566371681416,40.415929203539825,0.3893805309734513,0.29111352703057136
450072,0.0,0.0,0.0,
450197,0.0,0.0,0.0,
450434,0.46017699115044247,5.433628318584071,0.035398230088495575,0.6166696411280103
450527,0.8918918918918919,53.270270270270274,0.5945945945945946,0.0427464627917985
450529,0.0,0.0,0.0,
450535,0.019867549668874173,0.2052980132450331,0.0,0.00365
450539,0.0392156862745098,0.11764705882352941,0.0,0.0
450541,0.0,0.0,0.0,
450542,0.052980132450331126,0.8741721854304636,0.006622516556291391,0.3877824815270936
450550,0.0,0.0,0.0,
451302,0.17272727272727273,8.181818181818182,0.09090909090909091,0.005
451340,2.774834437086093,53.688741721854306,0.5496688741721855,0.44573510388936394
451432,0.0,0.0,0.0,
453537,0.0,0.0,0.0,
454667,1.6111111111111112,52.30555555555556,0.6388888888888888,0.05856616278359526
455084,1.3783783783783783,71.67567567567568,0.7837837837837838,0.17552092426887822
456350,1.12,38.4,0.4266666666666667,0.0005890625
456512,1.3513513513513513,31.54054054054054,0.2702702702702703,0.1923347909562663
457569,1.7454545454545454,48.32727272727273,0.5363636363636364,0.0
458249,1.4,26.346666666666668,0.18666666666666668,0.6303831101370597
458297,0.0,0.0,0.0,
460028,1.490066225165563,41.70198675496689,0.4503311258278146,0.09674720579322094
460842,2.890909090909091,60.08181818181818,0.6727272727272727,0.2913216959991939
461012,0.0,0.0,0.0,
461013,0.0,0.0,0.0,
461017,0.0,0.0,0.0,
461025,0.018867924528301886,0.11320754716981132,0.0,1.05
461026,0.13513513513513514,1.837837837837838,0.0,0.0
461102,0.0,0.0,0.0,
461188,0.45918367346938777,15.142857142857142,0.17346938775510204,0.059368421052631584
461195,0.3783783783783784,8.621621621621621,0.05405405405405406,0.16000000000000003
461199,0.2857142857142857,8.142857142857142,0.02040816326530612,0.24003394765786418
461201,0.0,0.0,0.0,
461358,2.309734513274336,36.21238938053097,0.3805309734513274,0.6586463943545393
461382,0.0,0.0,0.0,
461416,0.030303030303030304,0.24242424242424243,0.0,0.17462946428571427
461421,0.1592920353982301,2.0,0.008849557522123894,1.3504332449160035
461446,0.013513513513513514,0.013513513513513514,0.0,0.0
461453,0.02127659574468085,0.02127659574468085,0.0,0.0
461484,0.03260869565217391,0.13043478260869565,0.0,0.0
461537,0.0,0.0,0.0,
461548,0.0,0.0,0.0,
461567,0.0,0.0,0.0,
461584,0.0,0.0,0.0,
461587,0.5689655172413793,13.120689655172415,0.13793103448275862,0.1451600760824702
461682,0.02702702702702703,0.10810810810810811,0.0,0.0
462116,1.3333333333333333,48.54666666666667,0.5066666666666667,0.020099145299145298
462381,0.0,0.0,0.0,
462387,0.21621621621621623,3.3783783783783785,0.0,0.16198347107438016
462424,3.629139072847682,76.0794701986755,0.8344370860927153,0.07041325550067355
462438,0.0,0.0,0.0,
462491,0.0,0.0,0.0,
462492,0.0,0.0,0.0,
462635,0.26666666666666666,2.68,0.0,0.09118846153846155
463034,1.5575221238938053,32.51327433628319,0.36283185840707965,0.354392334967202
463067,2.0851063829787235,39.08510638297872,0.40425531914893614,0.35496502466864954
463210,0.01282051282051282,0.34615384615384615,0.0,0.0
463212,0.2647058823529412,6.9411764705882355,0.029411764705882353,0.07716077240008337
463748,0.0,0.0,0.0,
463903,1.1891891891891893,33.21621621621622,0.32432432432432434,0.2795938761773894
463936,0.6756756756756757,13.135135135135135,0.05405405405405406,0.29480392013646733
463981,0.8543046357615894,16.748344370860927,0.17218543046357615,0.07386535989135813
464353,0.0,0.0,0.0,
465247,3.0294117647058822,82.05882352941177,0.9117647058823529,0.0
465351,2.3288590604026846,52.54362416107382,0.5503355704697986,0.13514339399931377
465390,0.05555555555555555,0.09259259259259259,0.0,0.0
465527,0.6106194690265486,11.371681415929203,0.10619469026548672,0.9897606785908235
465607,0.9411764705882353,14.705882352941176,0.029411764705882353,0.6324955688022608
465642,3.3783783783783785,77.64864864864865,0.8378378378378378,0.16916725726435153
465680,0.25,2.4722222222222223,0.0,0.3471428571428571
465694,1.7647058823529411,43.745098039215684,0.49019607843137253,0.10855991259561189
465702,0.0,0.0,0.0,
465730,2.27027027027027,36.729729729729726,0.32432432432432434,0.6355263023418489
465920,0.9545454545454546,17.87121212121212,0.1590909090909091,1.0689982649862746
466052,3.6216216216216215,47.027027027027025,0.43243243243243246,0.9209945124357424
466075,1.96,35.06666666666667,0.3466666666666667,0.20660939478082457
466117,0.17557251908396945,3.198473282442748,0.007633587786259542,0.14883896583711856
466404,0.15492957746478872,11.014084507042254,0.11267605633802817,0.014545454545454545
466525,3.7027027027027026,64.02702702702703,0.7297297297297297,0.29417605933999413
467169,0.9383561643835616,22.253424657534246,0.2191780821917808,0.3920286946566548
467189,1.76,52.2,0.5733333333333334,0.0006818181818181818
467779,1.92,37.52,0.3466666666666667,0.5644063300463595
469130,0.6428571428571429,9.0,0.07142857142857142,0.5223076923076924
469142,1.9933774834437086,57.87417218543046,0.6423841059602649,0.10244666178891532
469247,0.0,0.0,0.0,
469272,1.4594594594594594,32.027027027027025,0.2972972972972973,0.3628078279299297
470294,0.013333333333333334,0.09333333333333334,0.0,0.8823857142857142
470296,0.0,0.0,0.0,
470313,3.1176470588235294,53.5,0.5882352941176471,0.35939928942679084
470315,0.7692307692307693,25.076923076923077,0.23076923076923078,0.404245568853204
471798,0.0,0.0,0.0,
471848,0.0,0.0,0.0,
472464,0.0,0.0,0.0,
472713,0.7682119205298014,21.721854304635762,0.25165562913907286,0.044892745174468104
472739,0.0,0.0,0.0,
472769,2.448717948717949,40.61538461538461,0.4230769230769231,0.28104852547637793
473341,0.7297297297297297,30.324324324324323,0.2972972972972973,0.07410141206675225
474120,0.9006622516556292,16.00662251655629,0.1390728476821192,0.4268421440749472
474772,0.0,0.0,0.0,
474803,0.0,0.0,0.0,
474907,0.0,0.0,0.0,
474908,0.0,0.0,0.0,
475123,0.0,0.0,0.0,
475168,3.5929203539823007,57.97345132743363,0.6283185840707964,0.6341753568613868
475480,0.0625,0.578125,0.0,0.16043478260869565
475492,0.0,0.0,0.0,
476161,0.0,0.0,0.0,
476344,1.2258064516129032,13.0,0.043010752688172046,0.6161781998650834
476369,0.4594594594594595,23.33783783783784,0.24324324324324326,0.14654994585684797
476502,0.27586206896551724,8.331034482758621,0.05517241379310345,0.046968314505583024
476887,0.7647058823529411,16.147058823529413,0.11764705882352941,0.23871809531059143
476888,0.4266666666666667,7.173333333333333,0.013333333333333334,0.08293090685176892
476938,0.0,0.0,0.0,
477064,1.099337748344371,25.8476821192053,0.271523178807947,0.23441025590597228
477386,0.68,29.466666666666665,0.32,0.03498206190768691
477424,3.1327433628318584,61.61946902654867,0.6637168141592921,0.2159011107143202
477547,0.0,0.0,0.0,
477555,0.6371681415929203,11.212389380530974,0.09734513274336283,0.9466915079783838
477580,1.4122137404580153,51.41984732824427,0.5648854961832062,0.04729990471971225
477717,1.8867924528301887,80.05660377358491,0.8867924528301887,0.03501951219512195
477733,0.0,0.0,0.0,
477851,0.0,0.0,0.0,
478227,0.0,0.0,0.0,
478912,0.3008849557522124,4.991150442477876,0.035398230088495575,0.14081911199180636
478969,0.8933333333333333,26.333333333333332,0.28,0.02374727668845316
479641,0.0,0.0,0.0,
479683,0.013333333333333334,0.013333333333333334,0.0,0.0
480455,1.6158940397350994,41.741721854304636,0.45695364238410596,0.07030837609982203
481283,0.0,0.0,0.0,
481405,0.0,0.0,0.0,
481510,0.8909090909090909,59.70909090909091,0.6181818181818182,0.06595895163536758
481624,0.336283185840708,7.070796460176991,0.061946902654867256,0.22592786078943056
481655,3.5405405405405403,78.4054054054054,0.8378378378378378,0.14874163438758048
482158,0.0,0.0,0.0,
482442,1.6026490066225165,36.728476821192054,0.3443708609271523,0.29519093193186635
482609,2.0442477876106193,51.06194690265487,0.5132743362831859,0.17857943439423976
482769,0.01818181818181818,0.32727272727272727,0.0,0.05
482973,3.027027027027027,59.54054054054054,0.6216216216216216,0.4305245893829809
483081,1.1733333333333333,22.226666666666667,0.16,0.7499421458590568
483364,0.0,0.0,0.0,
483391,0.0,0.0,0.0,
483398,0.0,0.0,0.0,
484420,3.8378378378378377,76.75675675675676,0.8648648648648649,0.5417501475883169
484658,0.0,0.0,0.0,
485047,1.1805555555555556,29.73611111111111,0.2638888888888889,0.04422336828443594
485055,0.5818181818181818,19.636363636363637,0.21818181818181817,0.0008333333333333334
485337,1.162162162162162,23.81081081081081,0.1891891891891892,0.7684930820361934
485711,3.0,44.054054054054056,0.3783783783783784,0.6384251163352775
486385,2.1818181818181817,36.445454545454545,0.37272727272727274,1.166967138647825
486520,1.5135135135135136,35.62162162162162,0.3783783783783784,0.06876387162775056
486623,0.0,0.0,0.0,
486672,2.443708609271523,79.90728476821192,0.8940397350993378,0.08806896535492155
487053,1.2743362831858407,49.203539823008846,0.5221238938053098,0.11510271266006906
487117,1.087837837837838,18.013513513513512,0.14189189189189189,0.52778104195224
487676,2.7567567567567566,79.51351351351352,0.8378378378378378,0.15128948963584565
487693,0.0,0.0,0.0,
487702,0.5333333333333333,12.96,0.14666666666666667,0.31269648251993015
487818,0.0410958904109589,2.4657534246575343,0.0273972602739726,0.0
487828,0.1891891891891892,1.8108108108108107,0.0,0.07355769230769231
487836,0.05405405405405406,0.2972972972972973,0.0,0.0
487837,0.10843373493975904,1.6626506024096386,0.0,0.11294494301994303
487838,1.7050359712230216,41.007194244604314,0.4316546762589928,0.16721142829951585
487968,0.5135135135135135,28.513513513513512,0.2972972972972973,0.13923076923076924
488024,2.085714285714286,57.97142857142857,0.5428571428571428,0.4562538230488022
488213,1.911764705882353,40.529411764705884,0.4117647058823529,0.583252129901307
488404,0.1504424778761062,1.9823008849557522,0.008849557522123894,0.388441166008127
488439,0.0625,6.6875,0.0,0.039361702127659576
488464,0.0,0.0,0.0,
489571,0.0,0.0,0.0,
489580,0.0,0.0,0.0,
489639,2.646017699115044,74.86725663716814,0.831858407079646,0.0007446808510638298
489706,0.9315068493150684,16.28767123287671,0.1232876712328767,0.6526550132549652
489888,1.8333333333333333,29.36111111111111,0.2222222222222222,0.3351984556672049
490000,0.0,0.0,0.0,
490094,0.6357615894039735,13.993377483443709,0.1390728476821192,0.11335439612456219
490095,0.0,0.0,0.0,
490142,1.0,31.405405405405407,0.2702702702702703,0.2305064622376734
490145,0.07947019867549669,0.37748344370860926,0.0,0.12000000000000001
490146,0.07079646017699115,0.7610619469026548,0.008849557522123894,0.0
490150,0.04,0.04,0.0,0.0
490180,0.0,0.0,0.0,
490503,0.34285714285714286,8.82857142857143,0.07142857142857142,0.12290738347072183
490721,1.0066225165562914,28.986754966887418,0.2913907284768212,0.16664570496680095
490881,0.06818181818181818,1.9772727272727273,0.0,0.4132692307692308
490885,0.10227272727272728,0.4659090909090909,0.0,0.5531249999999999
491007,0.02702702702702703,0.7027027027027027,0.0,0.017647058823529415
491008,0.0,0.0,0.0,
491011,0.0,0.0,0.0,
491012,0.168141592920354,2.106194690265487,0.008849557522123894,0.4119755244755245
491279,1.9734513274336283,55.80530973451327,0.6017699115044248,0.07409624096278396
491287,0.0,0.0,0.0,
491460,0.0,0.0,0.0,
491501,0.02654867256637168,0.02654867256637168,0.0,0.0
491557,0.0,0.0,0.0,
491559,0.0,1.5238095238095237,0.0,0.051215625
491598,0.015873015873015872,0.07936507936507936,0.0,1.08
491745,0.0,0.0,0.0,
491785,0.0,0.0,0.0,
491970,0.05357142857142857,0.8303571428571429,0.0,0.03813559322033898
492066,0.0,0.0,0.0,
492368,0.0,0.0,0.0,
492776,0.043478260869565216,0.9565217391304348,0.0,0.01264090909090909
492777,1.3434343434343434,24.484848484848484,0.25252525252525254,0.22444780059248082
492779,0.0,0.0,0.0,
492831,1.1733333333333333,26.64,0.25333333333333335,0.3395580371707487
492859,1.2285714285714286,26.37142857142857,0.2,0.20556917963926877
493105,2.198675496688742,43.50993377483444,0.39072847682119205,0.46742559412094437
493121,0.0,0.0,0.0,
493125,0.5806451612903226,23.526881720430108,0.23655913978494625,0.05248208549163067
493250,1.5629139072847682,30.013245033112582,0.2980132450331126,0.3601153503257022
493347,0.0,0.0,0.0,
493362,2.3529411764705883,51.38235294117647,0.5294117647058824,0.3624196353579044
493736,0.0,0.0,0.0,
493837,0.0,0.0,0.0,
494041,0.0,0.0,0.0,
494307,0.13157894736842105,3.5526315789473686,0.02631578947368421,0.21499999999999997
494521,4.297297297297297,88.86486486486487,1.0,0.11726861836369476
494541,1.0,6.0,0.0,0.0
494543,1.0,20.0,0.0,0.0
494551,,,,
494556,0.0,0.0,0.0,
494595,3.3513513513513513,63.7027027027027,0.7297297297297297,0.40190751551937204
494779,0.4,9.4,0.13333333333333333,0.042701863354037264
494960,1.7027027027027026,49.32432432432432,0.5675675675675675,0.11038707502630507
495024,0.5,9.333333333333334,0.0,1.009090909090909
495145,0.0,0.0,0.0,
495161,0.0,0.0,0.0,
495542,0.0,0.0,0.0,
496178,0.0,1.2162162162162162,0.013513513513513514,0.0
496179,0.0,0.0,0.0,
496185,0.058823529411764705,0.058823529411764705,0.0,0.0
496208,0.09352517985611511,0.7769784172661871,0.0,0.14883831932773112
496221,2.230769230769231,56.54945054945055,0.6373626373626373,0.22799847356279038
496222,0.0,0.0,0.0,
496228,0.0,0.0,0.0,
496279,0.0,0.0,0.0,
496283,0.0,0.0,0.0,
496661,1.178082191780822,30.301369863013697,0.273972602739726,0.15067821876233672
496683,0.0,0.0,0.0,
497606,0.1,1.63,0.01,0.13397089397089396
497894,1.6814159292035398,36.76106194690266,0.39823008849557523,0.3214665072584054
497949,0.8918918918918919,26.18918918918919,0.24324324324324326,0.2026378548999757
498016,3.6216216216216215,82.70270270270271,0.918918918918919,0.0029411764705882353
498046,0.0,0.0,0.0,
499167,0.0,0.0,0.0,
499169,0.6597938144329897,20.298969072164947,0.17525773195876287,0.03716951624039094
499175,0.5984251968503937,8.354330708661417,0.06299212598425197,0.3633956208118332
499300,0.0,0.0,0.0,
499309,0.21333333333333335,4.48,0.013333333333333334,0.6338803309283206
499604,4.642857142857143,74.14285714285714,0.8571428571428571,0.5244344706527707
499716,0.037037037037037035,0.037037037037037035,0.0,0.0
499717,0.013888888888888888,0.05555555555555555,0.0,0.0
499721,0.25925925925925924,4.469135802469136,0.037037037037037035,0.28433519875278673
499724,0.05263157894736842,0.7631578947368421,0.0,0.5
499726,0.015625,0.21875,0.0,0.06428571428571428
499857,0.0,0.0,0.0,
500016,0.7647058823529411,22.823529411764707,0.17647058823529413,0.08295498084291189
500040,0.972972972972973,24.216216216216218,0.1891891891891892,0.06711620491645978
500052,0.0,0.0,0.0,
500058,0.027777777777777776,0.2361111111111111,0.0,0.08
500151,1.1470588235294117,30.147058823529413,0.29411764705882354,0.13482142857142856
500267,0.0,0.0,0.0,
500696,0.0,0.0,0.0,
500926,0.02702702702702703,0.32432432432432434,0.0,0.0
501284,0.16666666666666666,1.0625,0.0,1.0546875
501468,0.0,0.0,0.0,
501620,0.0,0.0,0.0,
501770,0.0,0.0,0.0,
501837,0.46564885496183206,18.99236641221374,0.21374045801526717,0.10876364698833109
502222,0.6944444444444444,7.777777777777778,0.027777777777777776,0.6397642761379904
502500,2.506666666666667,44.78666666666667,0.49333333333333335,0.5293228954339818
502697,1.3229166666666667,25.65625,0.25,0.2686192851967239
502988,0.0,0.0,0.0,
503139,1.7964601769911503,40.67256637168141,0.40707964601769914,0.26150379819581326
503300,0.0,0.0,0.0,
503301,1.6435643564356435,41.64356435643565,0.42574257425742573,0.37889035171538543
503308,0.0,0.0,0.0,
503714,1.3716814159292035,37.203539823008846,0.3805309734513274,0.0962348179248478
503724,1.6666666666666667,79.33333333333333,0.8666666666666667,0.1397543873481331
504198,0.3783783783783784,11.054054054054054,0.05405405405405406,0.2889504504504504
504296,0.0,0.0,0.0,
504598,0.02857142857142857,0.02857142857142857,0.0,0.0
504750,0.0,0.0,0.0,
504751,0.0,0.0,0.0,
504783,1.7454545454545454,41.36363636363637,0.38181818181818183,0.15720184124504297
505079,0.0,0.0,0.0,
505187,0.2037037037037037,1.3148148148148149,0.0,0.08487308146399056
507433,0.03225806451612903,2.5161290322580645,0.021505376344086023,0.0
508395,1.592920353982301,42.097345132743364,0.4247787610619469,0.28681641622391735
508479,0.36,12.24,0.13333333333333333,0.0
509291,2.095890410958904,70.43835616438356,0.7671232876712328,0.04149189203990176
509416,1.3257575757575757,29.87878787878788,0.3106060606060606,0.42205443394717257
510281,1.96,33.16,0.32,0.5621217901894003
510328,0.0,0.0,0.0,
510362,1.6158940397350994,51.397350993377486,0.5496688741721855,0.05681303319413851
510363,0.008849557522123894,0.05309734513274336,0.0,0.75
510500,0.7066666666666667,11.28,0.05333333333333334,0.6442090908987312
510663,3.3783783783783785,48.567567567567565,0.5135135135135135,0.588062827849983
511499,2.2941176470588234,42.549019607843135,0.43137254901960786,1.0076227558866613
511504,0.0,0.0,0.0,
511783,0.10810810810810811,4.027027027027027,0.02702702702702703,0.13486140724946696
512462,1.592920353982301,40.92920353982301,0.46017699115044247,0.06953186585031405
513046,1.3191489361702127,32.265957446808514,0.3191489361702128,0.10267232829085243
513418,2.473684210526316,45.0,0.48120300751879697,0.7444462691957922
513433,1.0666666666666667,18.453333333333333,0.16,1.0085827403230088
513466,1.0,18.058823529411764,0.14705882352941177,0.19605246111121655
513527,2.3714285714285714,62.25714285714286,0.6857142857142857,0.16601761017309116
513588,0.06451612903225806,0.0967741935483871,0.0,0.0
513834,0.00980392156862745,0.10784313725490197,0.0,0.00024545454545454545
513836,0.0,0.0,0.0,
513840,0.0,0.0,0.0,
514154,0.0,0.0,0.0,
514254,2.290909090909091,46.654545454545456,0.4909090909090909,0.8926699670991249
514277,0.08333333333333333,0.08333333333333333,0.0,0.0
514280,0.2702702702702703,2.7027027027027026,0.02702702702702703,0.74913813459268
514284,0.0,0.0,0.0,
514287,0.0,0.0,0.0,
514307,0.0,0.0,0.0,
514315,0.0,0.0,0.0,
514356,0.6466666666666666,22.78,0.22666666666666666,0.07032778520909959
514362,0.0,0.0,0.0,
514514,0.0,0.0,0.0,
514613,0.0,0.0,0.0,
515023,0.0,0.0,0.0,
515024,0.03355704697986577,0.5637583892617449,0.006711409395973154,0.10757067567567567
515046,1.2307692307692308,20.76923076923077,0.23076923076923078,0.006666666666666667
515496,0.0,0.0,0.0,
515500,0.0,0.0,0.0,
515501,0.0,0.0,0.0,
515503,0.0,0.0,0.0,
515504,0.0,0.0,0.0,
515571,0.05714285714285714,2.142857142857143,0.0,0.0
515597,0.41509433962264153,13.61320754716981,0.12264150943396226,0.0296218487561786
515599,0.0,0.0,0.0,
515621,0.24,7.333333333333333,0.08,0.08924873441562617
516159,0.0,0.0,0.0,
516211,0.0,0.0,0.0,
516234,0.0,0.0,0.0,
516250,0.0,0.0,0.0,
516432,0.0,0.0,0.0,
516874,0.0,0.0,0.0,
516875,0.0,0.0,0.0,
516895,1.3356643356643356,35.98601398601399,0.38461538461538464,0.11592600932635788
516939,1.2363636363636363,45.63636363636363,0.4909090909090909,0.07333333333333333
517052,2.327433628318584,44.43362831858407,0.504424778761062,0.6065765723687065
517178,0.0,0.0,0.0,
517179,0.014285714285714285,0.014285714285714285,0.0,0.0
517995,0.0,0.0,0.0,
517996,0.0,0.0,0.0,
518030,0.10810810810810811,4.864864864864865,0.05405405405405406,0.0
518199,0.0,0.0,0.0,
518335,0.0,0.0,0.0,
518438,0.018518518518518517,0.018518518518518517,0.0,0.0
518442,0.02531645569620253,0.5949367088607594,0.0,0.13540723981900454
518466,0.23809523809523808,15.476190476190476,0.14285714285714285,0.001355421686746988
518467,0.0,0.0,0.0,
518620,0.0,0.0,0.0,
518892,0.0,0.0,0.0,
518906,0.013888888888888888,0.1111111111111111,0.0,0.0
519198,0.030303030303030304,0.030303030303030304,0.0,0.0
519223,0.0,0.0,0.0,
519321,0.02040816326530612,0.2653061224489796,0.0,0.0
519324,0.0,0.0,0.0,
519325,0.0,0.0,0.0,
519327,0.0,0.0,0.0,
519328,0.0,0.0,0.0,
519440,0.0,0.0,0.0,
519634,0.05405405405405406,3.5945945945945947,0.02702702702702703,0.005555555555555556
519895,0.35135135135135137,4.4324324324324325,0.02702702702702703,0.4528431646631256
519913,0.05,0.05,0.0,0.9
520295,0.5463917525773195,9.731958762886597,0.09278350515463918,0.645229447629815
521966,0.0,0.0,0.0,
523700,0.26666666666666666,1.3066666666666666,0.0,1.767455357142857
523705,1.4444444444444444,50.94444444444444,0.4722222222222222,0.16523991939156168
523957,0.2972972972972973,10.35135135135135,0.08108108108108109,0.16338178294573644
524069,0.0,0.0,0.0,
524070,0.0,0.0,0.0,
524180,0.0,0.0,0.0,
530117,0.0,0.0,0.0,
530121,0.018518518518518517,0.018518518518518517,0.0,0.0
530318,0.008264462809917356,0.024793388429752067,0.0,0.0
530335,1.3888888888888888,43.0,0.5,0.2936598422593406
530873,0.0,0.0,0.0,
531170,0.3076923076923077,5.0,0.0,0.004
531363,0.05185185185185185,1.3555555555555556,0.007407407407407408,0.4492857142857143
531442,0.7027027027027027,15.567567567567568,0.16216216216216217,0.28806747056506327
531989,0.06923076923076923,1.146153846153846,0.0,0.017627142857142855
531993,0.0,0.0,0.0,
531997,0.0,0.0,0.0,
532135,0.0,0.0,0.0,
532372,1.3076923076923077,67.76923076923077,0.7692307692307693,0.0770922931702842
532377,0.0,0.0,0.0,
532528,0.0,0.0,0.0,
532529,1.625,32.125,0.35294117647058826,0.4023544376152794
532534,0.02702702702702703,0.02702702702702703,0.0,0.0
532535,0.0,0.0,0.0,
532605,0.36363636363636365,9.5,0.08333333333333333,0.6606450480242038
533463,2.6515151515151514,50.24242424242424,0.5,0.47647388397684276
533710,0.0,0.0,0.0,
534392,0.05405405405405406,0.21621621621621623,0.0,0.0
534836,0.0,0.0,0.0,
535017,0.0,0.0,0.0,
535262,0.0,0.0,0.0,
535264,0.0,0.0,0.0,
535301,1.6,50.80909090909091,0.509090909090909,0.08709725152817221
535818,1.6902654867256637,34.95575221238938,0.36283185840707965,1.200730598173839
535928,0.152317880794702,3.622516556291391,0.033112582781456956,0.4618275911390732
536109,0.6024096385542169,15.843373493975903,0.14457831325301204,0.03682402190504987
536119,0.0,0.0,0.0,
536134,0.0,0.0,0.0,
536238,0.0,0.0,0.0,
536241,0.0,0.0,0.0,
536661,0.9230769230769231,26.23076923076923,0.3076923076923077,0.17612324703712698
536677,0.0,0.0,0.0,
536681,0.0,0.0,0.0,
536694,0.22123893805309736,2.4424778761061945,0.008849557522123894,1.296142902396446
536908,0.14666666666666667,0.6,0.0,0.23625
536916,1.1851851851851851,25.85925925925926,0.21481481481481482,0.2755553789525958
537043,0.0,0.0,0.0,
537403,0.0,0.0,0.0,
538182,0.0,0.0,0.0,
538206,0.0,0.0,0.0,
538207,1.0442477876106195,14.530973451327434,0.10619469026548672,0.40367922657879524
538210,0.6756756756756757,24.43243243243243,0.16216216216216217,0.07336596301090986
539721,0.0,0.0,0.0,
541462,0.0,0.0,0.0,
543158,0.09803921568627451,6.019607843137255,0.058823529411764705,0.10770833333333334
543295,0.02702702702702703,1.2162162162162162,0.0,0.02
544877,2.4513274336283186,66.77876106194691,0.7256637168141593,0.09370451288068654
545477,0.02654867256637168,0.10619469026548672,0.0,0.0
545508,0.0,0.0,0.0,
547027,1.7567567567567568,37.13513513513514,0.40540540540540543,0.2966121589461698
547037,0.04411764705882353,1.5735294117647058,0.0,0.03333333333333333
547410,0.0,0.0,0.0,
547659,0.0,0.0,0.0,
547668,0.0,0.0,0.0,
547671,0.0,0.0,0.0,
547673,0.0,0.0,0.0,
547676,0.058823529411764705,3.2941176470588234,0.0392156862745098,0.006666666666666667
547686,0.0,0.0,0.0,
547692,0.0,0.0,0.0,
547693,0.0,0.0,0.0,
547701,0.9292035398230089,28.43362831858407,0.2920353982300885,0.06413948945877262
547716,0.038461538461538464,0.9230769230769231,0.0,0.0
547719,1.0615384615384615,23.184615384615384,0.2153846153846154,0.1733765192366907
547720,0.0,0.0,0.0,
547801,0.0,0.0,0.0,
548308,0.0,0.0,0.0,
549014,0.0,0.0,0.0,
549067,0.05263157894736842,2.8947368421052633,0.017543859649122806,0.004
549068,0.02666666666666667,0.4666666666666667,0.0,0.13846153846153847
549074,0.13513513513513514,1.5405405405405406,0.0,0.12419354838709679
549329,0.6216216216216216,35.54054054054054,0.35135135135135137,0.1295639097744361
549344,0.08333333333333333,2.25,0.0,0.0
549640,0.02702702702702703,0.02702702702702703,0.0,0.0
549912,2.2432432432432434,41.972972972972975,0.43243243243243246,0.16431572776569062
549939,0.0,0.0,0.0,
550090,0.2702702702702703,5.216216216216216,0.05405405405405406,0.002
550141,0.0,0.0,0.0,
550596,0.01098901098901099,0.01098901098901099,0.0,0.0
550615,0.47058823529411764,7.352941176470588,0.04411764705882353,0.47235383595977964
550833,0.0,0.0,0.0,
550839,1.4464285714285714,34.910714285714285,0.36607142857142855,0.26916926931360935
550864,1.0266666666666666,38.32,0.36,0.08055171450851892
551153,0.0,0.0,0.0,
551206,0.02702702702702703,0.24324324324324326,0.0,0.0
551210,0.5135135135135135,29.405405405405407,0.2702702702702703,0.10904217746383645
551221,0.0,0.0,0.0,
551226,3.0694444444444446,81.08333333333333,0.9027777777777778,0.19627645458929885
551230,0.1891891891891892,4.756756756756757,0.02702702702702703,0.09749034749034749
551232,0.2,0.8,0.0,0.0
551483,2.176470588235294,68.08823529411765,0.7352941176470589,0.10160463883215523
551995,0.0,0.0,0.0,
552030,0.0,0.0,0.0,
552425,0.045454545454545456,0.4090909090909091,0.0,0.0
552427,0.04,0.13333333333333333,0.0,0.0
553299,0.0,0.0,0.0,
553742,0.0,0.0,0.0,
553746,0.0,0.0,0.0,
554194,0.03571428571428571,3.392857142857143,0.03571428571428571,0.005
554197,0.9459459459459459,20.45945945945946,0.1891891891891892,0.17195961100406984
554605,2.7027027027027026,65.13513513513513,0.7027027027027027,0.24749999999999997
556637,0.03333333333333333,0.03333333333333333,0.0,0.0
556639,0.0,0.0,0.0,
559610,0.0,0.0,0.0,
559684,0.0,0.0,0.0,
559962,0.017857142857142856,0.14285714285714285,0.0,0.0
559963,0.0,0.0,0.0,
560248,0.0,0.0,0.0,
560262,3.0,38.130434782608695,0.45652173913043476,0.6308385679118502
560441,0.0,0.0,0.0,
560552,1.3235294117647058,28.558823529411764,0.17647058823529413,0.36413991293945425
563324,0.0,0.0,0.0,
563883,0.0,0.0,0.0,
563934,0.0,0.0,0.0,
564406,1.0810810810810811,20.2972972972973,0.1891891891891892,0.27731310309190194
564505,0.0,0.0,0.0,
564510,0.0,0.0,0.0,
564940,1.2352941176470589,28.558823529411764,0.2647058823529412,0.04457400395892753
565297,0.047619047619047616,0.38095238095238093,0.0,0.0818181818181818
565431,0.03636363636363636,1.0545454545454545,0.0,0.20172413793103447
565858,0.0,0.0,0.0,
565863,0.0,0.0,0.0,
566164,0.0,0.0,0.0,
566213,0.0,0.0,0.0,
567119,0.14285714285714285,0.14285714285714285,0.0,2.6999999999999997
567121,0.019230769230769232,0.019230769230769232,0.0,0.0
568159,0.0,0.0,0.0,
568791,0.0,0.0,0.0,
569014,0.02666666666666667,0.37333333333333335,0.0,0.0
569577,0.0,0.0,0.0,
570241,0.02830188679245283,0.2641509433962264,0.0,0.0
570526,1.24,28.733333333333334,0.26666666666666666,0.312426156114334
570929,0.0,0.0,0.0,
571087,0.0,0.0,0.0,
572702,0.0,0.0,0.0,
573062,0.01904761904761905,0.2,0.0,0.45
574398,0.0,0.0,0.0,
574402,0.03125,0.953125,0.0,0.04
574458,0.08108108108108109,2.7027027027027026,0.02702702702702703,0.11797752808988761
574799,0.0,0.0,0.0,
575034,0.0375,0.1625,0.0,0.0
575204,0.020833333333333332,0.10416666666666667,0.0,0.18
575458,0.2972972972972973,12.216216216216216,0.08108108108108109,0.15757352941176472
575476,2.463636363636364,73.7090909090909,0.8181818181818182,0.06972729718835323
575901,0.10909090909090909,0.7818181818181819,0.0,0.0
576323,0.0,0.0,0.0,
576620,0.047619047619047616,0.7142857142857143,0.0,0.06
576628,0.07692307692307693,0.46153846153846156,0.0,0.525
576634,0.0,0.0,0.0,
576637,0.0,0.0,0.0,
576756,0.0,0.0,0.0,
576980,0.0,0.0,0.0,
577016,0.5972222222222222,11.458333333333334,0.125,0.18910897435897436
577114,0.22666666666666666,3.466666666666667,0.0,0.3542513368983957
577285,0.07692307692307693,0.9615384615384616,0.0,0.16213235294117648
577669,2.135135135135135,75.70270270270271,0.8648648648648649,0.09116781917727035
577725,0.7912087912087912,15.362637362637363,0.15384615384615385,0.5520668073122127
577731,0.0,0.0,0.0,
577974,0.05333333333333334,4.6,0.04,0.032
577978,0.0,0.0,0.0,
578153,1.528301886792453,36.41509433962264,0.3584905660377358,0.08233473162513359
578512,0.0,0.0,0.0,
578545,0.13513513513513514,3.27027027027027,0.02702702702702703,0.018796068796068797
578614,0.0,0.0,0.0,
579075,0.0273972602739726,0.0547945205479452,0.0,0.6749999999999999
580921,0.0,0.0,0.0,
585472,0.034482758620689655,0.2413793103448276,0.0,0.0
586268,0.0,0.0,0.0,
586309,2.5135135135135136,49.054054054054056,0.4864864864864865,0.5067288921999076
587178,0.0,0.0,0.0,
587433,0.0,0.0,0.0,
588555,0.0,0.0,0.0,
588793,0.0,0.0,0.0,
588796,0.0,0.0,0.0,
589100,0.0,0.0,0.0,
589114,0.07407407407407407,0.14814814814814814,0.0,0.0
589121,0.0,0.0,0.0,
589507,0.05813953488372093,2.011627906976744,0.023255813953488372,0.04645783132530121
590012,0.028985507246376812,0.15942028985507245,0.0,0.9
590014,0.0,0.0,0.0,
590035,0.0,0.0,0.0,
590039,0.058823529411764705,0.7352941176470589,0.0,0.6450000000000001
590040,0.0,0.0,0.0,
590760,0.0,0.0,0.0,
591357,0.006944444444444444,0.020833333333333332,0.0,0.0
591382,0.0,0.0,0.0,
591384,0.0,0.0,0.0,
591385,0.0,0.0,0.0,
591386,0.05555555555555555,0.15555555555555556,0.0,1.6907142857142854
591538,0.0,0.0,0.0,
591539,0.0,0.0,0.0,
592031,2.9066666666666667,55.666666666666664,0.5866666666666667,0.4437857223683247
592436,0.0,0.0,0.0,
592661,0.0,0.0,0.0,
592662,0.0,0.0,0.0,
592712,0.0,0.0,0.0,
592736,0.0,0.0,0.0,
592740,0.0,0.0,0.0,
593001,0.00909090909090909,0.00909090909090909,0.0,0.0
593174,0.0625,0.0625,0.0,0.0
596042,0.0,0.0,0.0,
596047,0.13725490196078433,3.1372549019607843,0.0196078431372549,0.3707142857142857
596054,0.125,0.1875,0.0,1.2100000000000002
596572,0.0,0.0,0.0,
596777,1.8627450980392157,43.509803921568626,0.39215686274509803,0.2938935352654214
597320,0.20833333333333334,4.083333333333333,0.041666666666666664,0.21892857142857142
597983,0.0,0.0,0.0,
599303,0.0,0.0,0.0,
600882,0.0,0.0,0.0,
601496,0.0,0.0,0.0,
601956,0.0,0.0,0.0,
601975,0.0,0.0,0.0,
602903,0.1111111111111111,2.0925925925925926,0.0,1.2412881562881564
602934,0.0,0.0,0.0,
604211,0.0,0.0,0.0,
604988,0.0,0.0,0.0,
605319,0.0,0.0,0.0,
606689,0.10810810810810811,1.027027027027027,0.0,1.42
606745,0.7222222222222222,15.125,0.1527777777777778,0.05119062760239231
606774,0.017543859649122806,0.017543859649122806,0.0,0.0
606775,0.07936507936507936,0.4444444444444444,0.0,0.0
606798,0.22641509433962265,6.679245283018868,0.03773584905660377,0.07334378265412748
606921,0.49056603773584906,3.358490566037736,0.018867924528301886,0.5441883116883116
607464,2.6538461538461537,70.98076923076923,0.8076923076923077,0.12026876620604116
608060,0.0,0.0,0.0,
608181,0.43243243243243246,3.5675675675675675,0.0,0.9210000000000002
609640,0.07692307692307693,0.5384615384615384,0.0,0.0
609873,0.29333333333333333,7.24,0.06666666666666667,0.20007070115924816
610799,0.0,0.0,0.0,
611011,0.027777777777777776,0.05555555555555555,0.0,0.0
611134,0.0,0.0,0.0,
611695,0.0,0.0,0.0,
611912,0.0,0.0,0.0,
611917,0.0,0.0,0.0,
611920,0.0,0.0,0.0,
611922,1.1081081081081081,12.837837837837839,0.10810810810810811,2.556630251284663
611926,0.0,0.0,0.0,
611975,0.0,0.0,0.0,
612534,0.0,0.0,0.0,
612855,0.0,0.0,0.0,
613120,0.0,0.0,0.0,
613232,0.0,0.0,0.0,
613467,0.0,0.0,0.0,
613804,2.6486486486486487,70.70270270270271,0.7837837837837838,0.10114363643266874
614574,0.4666666666666667,5.266666666666667,0.0,0.7920394736842106
616059,0.0,0.0,0.0,
616065,0.0,0.0,0.0,
616077,0.3611111111111111,2.5277777777777777,0.0,2.432980769230769
616094,0.0,0.0,0.0,
616221,0.21428571428571427,10.142857142857142,0.0,0.07568181818181818
616222,0.018867924528301886,0.018867924528301886,0.0,0.0
616286,0.0,0.0,0.0,
616288,0.0,0.0,0.0,
617054,0.0273972602739726,0.1506849315068493,0.0,2.3499999999999996
618027,0.0,0.0,0.0,
618873,0.0,0.0,0.0,
619146,0.0,0.0,0.0,
619536,0.0,0.0,0.0,
619734,0.2,9.0,0.0,0.24
620408,0.058823529411764705,0.47058823529411764,0.0,0.0
620487,0.5588235294117647,10.794117647058824,0.11764705882352941,0.048571428571428564
622536,0.0,0.0,0.0,
622758,0.0,0.0,0.0,
623095,0.0,0.0,0.0,
623110,0.0,0.0,0.0,
624773,1.5675675675675675,22.675675675675677,0.1891891891891892,0.5739338880528058
626464,0.0410958904109589,0.1506849315068493,0.0,0.0
626844,0.0,0.0,0.0,
627888,0.0,0.0,0.0,
628204,0.13157894736842105,0.6973684210526315,0.0,1.35
629068,0.0,0.0,0.0,
630664,0.5,2.8333333333333335,0.0,0.0
630699,0.3333333333333333,2.7083333333333335,0.0,0.22071428571428572
631106,0.0,0.0,0.0,
631786,0.17647058823529413,1.4411764705882353,0.0,0.16184873949579834
632822,0.0,0.0,0.0,
634640,0.0,0.0,0.0,
640108,0.0,0.0,0.0,
640419,0.03333333333333333,0.03333333333333333,0.0,0.0
641221,0.14666666666666667,4.24,0.02666666666666667,0.3770274755670293
643135,0.32432432432432434,6.162162162162162,0.02702702702702703,0.3377228327228327
643426,0.0,0.0,0.0,
643473,0.0,0.0,0.0,
643970,0.0,0.0,0.0,
644593,0.0,0.0,0.0,
645618,0.027777777777777776,0.4444444444444444,0.0,0.0
646243,0.0,0.0,0.0,
646754,,,,
647597,0.0,0.0,0.0,
647671,1.8717948717948718,43.53846153846154,0.4358974358974359,0.323760676497073
647681,0.0,0.0,0.0,
647850,0.918918918918919,8.64864864864865,0.05405405405405406,0.6215483544233544
647960,0.0,0.0,0.0,
649208,0.8571428571428571,12.428571428571429,0.0,0.19038461538461537
649240,0.0,0.0,0.0,
651426,2.1176470588235294,39.14705882352941,0.4117647058823529,0.09359553421262282
653481,0.17647058823529413,2.764705882352941,0.0,0.3104166666666666
658013,0.0,0.0,0.0,
660392,0.5,4.676470588235294,0.0,0.19421892762410004
661712,0.0,0.0,0.0,
664015,0.0,0.0,0.0,
666607,0.0,0.0,0.0,
671606,0.0,0.0,0.0,
672492,0.09523809523809523,0.3333333333333333,0.0,0.0
677945,0.0,0.0,0.0,
678552,0.0,0.0,0.0,
685628,0.0,0.0,0.0,
687076,,,,
699989,0.06666666666666667,2.533333333333333,0.0,0.09473684210526316
704232,0.0,0.0,0.0,
718875,0.0,0.0,0.0,
100000084,7.375,0.0,0.0,
100037568,7.0,0.0,0.0,
100037973,6.866666666666666,0.0,0.0,
100038215,6.466666666666667,0.0,0.0,
100040854,6.8,0.0,0.0,
100041800,6.266666666666667,0.0,0.0,
100041808,5.2,0.0,0.0,
100041880,3.8,0.0,0.0,
100042830,7.466666666666667,0.0,0.0,
100044409,7.933333333333334,0.0,0.0,
100046435,5.0,0.0,0.0,
100047417,3.3333333333333335,0.0,0.0,
100047426,2.466666666666667,0.0,0.0,
100048548,5.666666666666667,0.0,0.0,
100050427,4.8,0.0,0.0,
100050995,3.2,0.0,0.0,
100051017,6.4,0.0,0.0,
100052173,7.125,0.0,0.0,
100053636,4.4,0.0,0.0,
100053901,7.266666666666667,0.0,0.0,
