season,id,name,short_name,strength,strength_overall_home,strength_overall_away,strength_attack_home,strength_attack_away,strength_defence_home,strength_defence_away
2019-20,1,Arsenal,ARS,4,1180,1240,1170,1170,1150,1200
2019-20,2,Aston Villa,AVL,2,1020,1050,970,980,1000,1040
2019-20,3,Bournemouth,BOU,2,1020,1020,990,1030,1000,1050
2019-20,4,Brighton,BHA,2,1050,1010,1100,1100,1040,1030
2019-20,5,Burnley,BUR,3,1110,1180,1130,1070,970,1110
2019-20,6,Chelsea,CHE,4,1220,1230,1240,1240,1220,1250
2019-20,7,Crystal Palace,CRY,3,1130,1120,1080,1180,1040,1040
2019-20,8,Everton,EVE,3,1100,1240,1100,1210,1170,1180
2019-20,9,Leicester,LEI,3,1210,1160,1150,1080,1210,1100
2019-20,10,Liverpool,LIV,5,1340,1350,1310,1320,1310,1330
2019-20,11,Man City,MCI,5,1330,1340,1260,1270,1320,1320
2019-20,12,Man Utd,MUN,4,1220,1300,1260,1330,1180,1260
2019-20,13,Newcastle,NEW,3,1090,1100,1030,1040,980,990
2019-20,14,Norwich,NOR,2,980,1020,1030,1040,990,990
2019-20,15,Sheffield Utd,SHU,3,1180,1200,1170,1180,1050,1110
2019-20,16,Southampton,SOU,3,1150,1040,1080,1050,1110,1080
2019-20,17,Spurs,TOT,4,1180,1240,1100,1130,1200,1140
2019-20,18,Watford,WAT,3,1030,1140,1120,1120,1020,1150
2019-20,19,West Ham,WHU,2,1040,1030,1000,1030,1030,1150
2019-20,20,Wolves,WOL,4,1230,1190,1180,1230,1200,1200
2020-21,1,Arsenal,ARS,4,1200,1250,1130,1150,1220,1210
2020-21,2,Aston Villa,AVL,3,1100,1160,1120,1140,1080,1100
2020-21,3,Brighton,BHA,3,1130,1130,1150,1190,1100,1130
2020-21,4,Burnley,BUR,2,1060,1070,1040,1090,1040,1080
2020-21,5,Chelsea,CHE,4,1250,1280,1260,1300,1250,1310
2020-21,6,Crystal Palace,CRY,3,1090,1110,1030,1120,1010,1020
2020-21,7,Everton,EVE,3,1250,1130,1130,1100,1200,1140
2020-21,8,Fulham,FUL,3,1090,1100,1150,1110,1040,1060
2020-21,9,Leicester,LEI,4,1240,1260,1190,1150,1150,1230
2020-21,10,Leeds,LEE,3,1160,1170,1060,1150,1210,1170
2020-21,11,Liverpool,LIV,4,1250,1210,1190,1210,1300,1230
2020-21,12,Man City,MCI,5,1340,1360,1280,1320,1340,1350
2020-21,13,Man Utd,MUN,4,1250,1320,1250,1280,1240,1310
2020-21,14,Newcastle,NEW,2,1050,1070,1050,1060,1030,1110
2020-21,15,Sheffield Utd,SHU,2,1000,1040,1020,1070,1000,1010
2020-21,16,Southampton,SOU,3,1060,1100,1030,1110,1110,1160
2020-21,17,Spurs,TOT,4,1190,1250,1130,1170,1250,1290
2020-21,18,West Brom,WBA,2,1050,1040,1040,1000,1050,1040
2020-21,19,West Ham,WHU,4,1230,1260,1140,1190,1260,1290
2020-21,20,Wolves,WOL,3,1080,1110,1120,1130,1040,1120
2021-22,1,Arsenal,ARS,4,1250,1270,1150,1210,1190,1220
2021-22,2,Aston Villa,AVL,3,1100,1100,1140,1110,1090,1090
2021-22,3,Brentford,BRE,2,1060,1070,1120,1150,1080,1120
2021-22,4,Brighton,BHA,3,1100,1090,1160,1160,1100,1120
2021-22,5,Burnley,BUR,2,1060,1060,1080,1130,1060,1100
2021-22,6,Chelsea,CHE,4,1290,1320,1300,1300,1250,1290
2021-22,7,Crystal Palace,CRY,3,1090,1100,1110,1160,1080,1160
2021-22,8,Everton,EVE,2,1050,1090,1130,1090,1110,1110
2021-22,9,Leicester,LEI,3,1090,1200,1100,1080,1150,1160
2021-22,10,Leeds,LEE,3,1070,1080,1080,1070,1100,1100
2021-22,11,Liverpool,LIV,5,1340,1360,1300,1350,1340,1350
2021-22,12,Man City,MCI,5,1350,1370,1340,1360,1340,1360
2021-22,13,Man Utd,MUN,4,1210,1270,1170,1190,1190,1200
2021-22,14,Newcastle,NEW,3,1090,1170,1050,1030,1040,1070
2021-22,15,Norwich,NOR,2,1030,1040,1040,1040,1040,1030
2021-22,16,Southampton,SOU,3,1080,1110,1090,1140,1120,1090
2021-22,17,Spurs,TOT,4,1210,1270,1190,1200,1210,1210
2021-22,18,Watford,WAT,2,1060,1030,1090,1040,1120,1070
2021-22,19,West Ham,WHU,3,1130,1190,1110,1150,1160,1180
2021-22,20,Wolves,WOL,3,1200,1170,1150,1160,1080,1100
2022-23,1,Arsenal,ARS,4,1245,1285,1250,1250,1240,1320
2022-23,2,Aston Villa,AVL,3,1070,1100,1070,1075,1070,1130
2022-23,3,Bournemouth,BOU,2,1035,1095,1020,1110,1050,1080
2022-23,4,Brentford,BRE,3,1115,1180,1100,1160,1130,1200
2022-23,5,Brighton,BHA,3,1170,1175,1140,1150,1200,1200
2022-23,6,Chelsea,CHE,3,1165,1220,1190,1220,1140,1220
2022-23,7,Crystal Palace,CRY,3,1085,1100,1110,1110,1060,1090
2022-23,8,Everton,EVE,3,1055,1095,1070,1100,1040,1090
2022-23,9,Fulham,FUL,3,1095,1100,1070,1065,1120,1140
2022-23,10,Leicester,LEI,3,1130,1115,1065,1110,1200,1120
2022-23,11,Leeds,LEE,3,1100,1090,1070,1075,1130,1120
2022-23,12,Liverpool,LIV,4,1220,1275,1180,1250,1260,1300
2022-23,13,Man City,MCI,5,1350,1360,1340,1340,1360,1380
2022-23,14,Man Utd,MUN,3,1155,1220,1140,1220,1165,1220
2022-23,15,Newcastle,NEW,4,1210,1260,1250,1300,1165,1220
2022-23,16,Nott'm Forest,NFO,3,1050,1100,1065,1100,1030,1105
2022-23,17,Southampton,SOU,2,1065,1070,1070,1070,1060,1080
2022-23,18,Spurs,TOT,3,1155,1220,1140,1210,1170,1230
2022-23,19,West Ham,WHU,3,1100,1130,1145,1150,1060,1110
2022-23,20,Wolves,WOL,3,1080,1090,1100,1100,1060,1080
2023-24,1,Arsenal,ARS,5,1350,1365,1370,1370,1330,1360
2023-24,2,Aston Villa,AVL,4,1160,1285,1140,1220,1180,1350
2023-24,3,Bournemouth,BOU,3,1100,1100,1055,1130,1145,1075
2023-24,4,Brentford,BRE,3,1100,1100,1110,1055,1090,1150
2023-24,5,Brighton,BHA,3,1100,1210,1070,1180,1135,1240
2023-24,6,Burnley,BUR,2,1045,1050,1050,1050,1040,1050
2023-24,7,Chelsea,CHE,3,1125,1190,1080,1150,1170,1230
2023-24,8,Crystal Palace,CRY,3,1070,1100,1080,1120,1060,1085
2023-24,9,Everton,EVE,3,1095,1100,1125,1125,1065,1080
2023-24,10,Fulham,FUL,3,1055,1175,1050,1180,1060,1170
2023-24,11,Liverpool,LIV,4,1240,1370,1210,1350,1270,1390
2023-24,12,Luton,LUT,2,1055,1090,1020,1060,1090,1120
2023-24,13,Man City,MCI,5,1355,1365,1350,1360,1360,1370
2023-24,14,Man Utd,MUN,3,1125,1220,1130,1210,1120,1230
2023-24,15,Newcastle,NEW,3,1105,1280,1050,1210,1160,1355
2023-24,16,Nott'm Forest,NFO,3,1065,1100,1050,1125,1080,1080
2023-24,17,Sheffield Utd,SHU,2,1030,1040,1045,1020,1020,1060
2023-24,18,Spurs,TOT,4,1170,1230,1110,1150,1230,1310
2023-24,19,West Ham,WHU,3,1100,1145,1055,1140,1150,1150
2023-24,20,Wolves,WOL,3,1100,1100,1085,1105,1115,1100
2024-25,1,Arsenal,ARS,5,1350,1350,1390,1400,1310,1300
2024-25,2,Aston Villa,AVL,3,1145,1240,1130,1180,1160,1300
2024-25,3,Bournemouth,BOU,3,1170,1200,1120,1180,1220,1220
2024-25,4,Brentford,BRE,3,1130,1180,1100,1100,1160,1260
2024-25,5,Brighton,BHA,3,1140,1165,1090,1140,1190,1190
2024-25,6,Chelsea,CHE,3,1155,1235,1120,1170,1190,1300
2024-25,7,Crystal Palace,CRY,3,1150,1155,1140,1140,1160,1170
2024-25,8,Everton,EVE,3,1120,1145,1160,1160,1080,1130
2024-25,9,Fulham,FUL,3,1155,1155,1150,1150,1160,1160
2024-25,10,Ipswich,IPS,2,1065,1065,1040,1040,1090,1090
2024-25,11,Leicester,LEI,2,975,975,1000,1020,990,990
2024-25,12,Liverpool,LIV,5,1350,1370,1320,1360,1380,1380
2024-25,13,Man City,MCI,4,1220,1270,1160,1170,1280,1370
2024-25,14,Man Utd,MUN,3,1095,1135,1120,1130,1070,1140
2024-25,15,Newcastle,NEW,4,1220,1255,1150,1170,1290,1340
2024-25,16,Nott'm Forest,NFO,4,1220,1290,1190,1330,1250,1250
2024-25,17,Southampton,SOU,2,975,975,1000,1000,990,990
2024-25,18,Spurs,TOT,3,1100,1170,1060,1070,1210,1270
2024-25,19,West Ham,WHU,3,1090,1100,1090,1090,1090,1110
2024-25,20,Wolves,WOL,3,1125,1145,1100,1120,1150,1170
2025-26,1,Arsenal,ARS,5,1305,1355,1340,1390,1270,1320
2025-26,2,Aston Villa,AVL,3,1135,1230,1120,1210,1150,1250
2025-26,3,Burnley,BUR,2,975,1045,910,1050,1040,1040
2025-26,4,Bournemouth,BOU,3,1150,1235,1060,1230,1240,1240
2025-26,5,Brentford,BRE,3,1135,1215,1120,1160,1150,1270
2025-26,6,Brighton,BHA,4,1170,1250,1140,1220,1200,1280
2025-26,7,Chelsea,CHE,3,1190,1195,1130,1140,1250,1250
2025-26,8,Crystal Palace,CRY,3,1160,1185,1150,1200,1170,1170
2025-26,9,Everton,EVE,3,1135,1160,1130,1150,1140,1170
2025-26,10,Fulham,FUL,3,1105,1200,1090,1170,1120,1230
2025-26,11,Leeds,LEE,3,1100,1205,1050,1160,1150,1250
2025-26,12,Liverpool,LIV,4,1180,1250,1120,1200,1240,1300
2025-26,13,Man City,MCI,4,1265,1355,1220,1310,1310,1400
2025-26,14,Man Utd,MUN,4,1180,1250,1120,1190,1240,1310
2025-26,15,Newcastle,NEW,3,1120,1205,1130,1120,1110,1290
2025-26,16,Nott'm Forest,NFO,3,1125,1165,1130,1160,1120,1170
2025-26,17,Sunderland,SUN,3,1055,1150,1070,1170,1040,1130
2025-26,18,Spurs,TOT,3,1120,1120,1090,1090,1150,1150
2025-26,19,West Ham,WHU,3,1095,1130,1060,1080,1130,1180
2025-26,20,Wolves,WOL,2,975,1060,950,1050,1000,1070
